"6mer","mean_IRIS_score","n_sequences"
"augacg",-29.3985371732955,1056
"ugacug",-29.2756368228228,333
"ugacuu",-29.0376818391813,342
"augacc",-28.54916,1122
"augaca",-28.4223155608614,1068
"ugacgu",-28.2429685157233,318
"ugaccg",-27.8706509223301,309
"ugacgg",-27.8589258411215,321
"gacucg",-27.7797537238095,105
"ugacau",-27.7773068941799,378
"ugacgc",-27.7079316269113,327
"gacuag",-27.6824883904762,105
"ugaccc",-27.6745467431193,327
"gacuug",-27.6442480225989,177
"ugacga",-27.4690880903427,321
"ugacca",-27.3842301152648,321
"gacugu",-27.3738449210526,114
"gacuaa",-27.3432495809524,105
"gacugg",-27.3024567515152,165
"ugacag",-27.2969921682848,309
"ugaccu",-27.2090807836257,342
"gacgug",-27.2005739767442,129
"augaau",-27.126991828479,309
"gaccug",-27.0396257286822,129
"augauu",-27.0305689252336,321
"ugacaa",-26.9834192330097,309
"gacuca",-26.9440931965812,117
"gacuua",-26.6925994102564,117
"gacugc",-26.6921229430894,123
"gacaug",-26.6752772113821,369
"ugacua",-26.6615238861789,369
"gacgcg",-26.6009319142857,105
"gacuga",-26.5898954969697,165
"ugacac",-26.583805380531,339
"gacggg",-26.5448546837607,117
"gacucc",-26.5064202601626,123
"gacgag",-26.5036665714286,105
"gacggu",-26.5018500438596,114
"augagu",-26.495747996633,297
"gucaug",-26.4514834444444,333
"caugaa",-26.3373911187085,1053
"gacuau",-26.2804191587302,126
"gacccg",-26.2747377142857,105
"caugau",-26.2460884506518,1074
"gaccgg",-26.2352034786325,117
"gacgaa",-26.2212918952381,105
"gaccag",-26.1774723428571,105
"gacgga",-26.1509574017094,117
"gacuuc",-26.1019480081301,123
"gaccgu",-26.0876467807018,114
"guugug",-25.9942230425532,141
"gacacg",-25.9529244571429,105
"ugucau",-25.9450510797101,138
"gacagg",-25.9146978461538,117
"gacagu",-25.8916221842105,114
"gacaag",-25.855659047619,105
"gaccaa",-25.8340548095238,105
"augaag",-25.8218619340278,288
"gaauug",-25.8074524263566,129
"ggauug",-25.8017934680851,141
"gaccga",-25.7992766752137,117
"ggaaug",-25.7977624964539,141
"gccaug",-25.7668404361371,321
"gacgcc",-25.7349860162602,123
"caugcc",-25.7000605280528,303
"gacgua",-25.6766207777778,117
"gacguu",-25.6746075652174,138
"gucuug",-25.6738065035461,141
"gacaga",-25.5430206837607,117
"ugccau",-25.5374666521739,138
"gaccca",-25.5363008632479,117
"gacaaa",-25.5330548761905,105
"aguugu",-25.5312991144781,297
"caugag",-25.439240980057,1053
"gacgau",-25.398592484127,126
"guucug",-25.3910370496454,141
"gaguug",-25.3875769767442,129
"cauggc",-25.3628441436464,543
"cguggc",-25.3608344810997,291
"gucgug",-25.3512260322581,93
"guggca",-25.3501711680441,1089
"gacccc",-25.3457375772358,123
"gacgcu",-25.3290263405797,138
"ggguug",-25.3247369361702,141
"ggcuug",-25.3097701322751,189
"guuaug",-25.3077794814815,189
"gaccgc",-25.281373699187,123
"gacaca",-25.2737308803419,117
"gaccuu",-25.2558599347826,138
"gagugg",-25.2540054444444,117
"gacguc",-25.2396973414634,123
"gguagg",-25.2129072341598,1089
"gaaaug",-25.2062853255814,129
"guguug",-25.1973409219858,141
"augauc",-25.1525880490196,306
"augaac",-25.1046515283019,318
"gacauu",-25.094426384058,138
"ugaaug",-25.058501005291,189
"augaug",-25.0494327916667,360
"agguuu",-25.0415540232558,129
"gacaua",-25.0241224273504,117
"gacaau",-25.0234664126984,126
"ugauuc",-25.0123474222222,135
"augaaa",-25.0005770798611,288
"gccuug",-25.0003624341085,129
"gaaugg",-24.9897173162393,117
"cuggca",-24.9805339031339,1053
"cuugca",-24.9712781612903,93
"gaagug",-24.9565581358025,81
"ggacug",-24.9516059032258,93
"gacagc",-24.9424829430894,123
"gacccu",-24.9290203623188,138
"augagg",-24.91794829,300
"acuggc",-24.9166493464052,306
"gaacug",-24.9103480864198,81
"aggguu",-24.9020448518519,81
"auggcu",-24.8990038449612,129
"cauguc",-24.8867251023102,303
"guaggg",-24.8861188629283,321
"aguguu",-24.8779742945736,129
"ccuggc",-24.8509858865979,291
"aguagu",-24.8505843619048,105
"augaua",-24.8385015366667,300
"acuuua",-24.8357249,60
"guaggu",-24.8289803238994,318
"aguggu",-24.8231459904762,105
"ugaauc",-24.8212670666667,135
"acuuca",-24.8205312166667,60
"ucauga",-24.8200355784038,1065
"aguauu",-24.8189200697674,129
"aggauu",-24.8092113209877,81
"aguggc",-24.770475838983,354
"gaugug",-24.7646572469136,81
"gauaug",-24.7571894883721,129
"auggcg",-24.7563523958333,96
"acguca",-24.7486909333333,60
"uccaug",-24.744454631068,309
"gaucug",-24.7184472592593,81
"gggugg",-24.7156951085271,129
"gccugg",-24.7143078034188,117
"guccug",-24.7075988602151,93
"uguggc",-24.7054951314985,327
"gggaug",-24.6873809503546,141
"acgugg",-24.686337,108
"ggccug",-24.6821375815603,141
"agucau",-24.6643521939394,165
"agucuu",-24.6553319147287,129
"uacaug",-24.6551011962617,321
"acuuaa",-24.6543564583333,48
"agucgu",-24.6502614857143,105
"ggagug",-24.647603344086,93
"acugua",-24.63458955,60
"augcca",-24.6327036851852,108
"guggug",-24.6275277096774,93
"gucugg",-24.624609,129
"guagga",-24.6225148847352,321
"ucuggc",-24.610284620462,303
"cuuuca",-24.6060552888889,45
"gacauc",-24.6034264634146,123
"ugauug",-24.6017768518519,189
"aguuau",-24.5995319838188,309
"gugugg",-24.5967820232558,129
"ugaauu",-24.5835344666667,150
"gcgugg",-24.5824111709402,117
"auguca",-24.5803283425926,108
"ggaugg",-24.5775503333333,129
"gccuga",-24.5733621623932,117
"gguggc",-24.5717121546667,375
"augagc",-24.5682148823529,306
"uucaug",-24.5671992318841,345
"augccu",-24.5531450620155,129
"aggcuu",-24.5489762222222,81
"guauug",-24.5375208201058,189
"auggca",-24.5270338763441,1116
"augccg",-24.5098383229167,96
"gaauga",-24.5054320938511,309
"acuaua",-24.5037623,60
"auggcc",-24.4936982192982,114
"gauugg",-24.492739,309
"acuaca",-24.4848921333333,60
"ccugac",-24.4832474257426,303
"acuugc",-24.4804781818182,66
"cuguca",-24.4751808888889,45
"acauga",-24.465951920412,1068
"ggcaug",-24.4589306641257,23613
"cuuugc",-24.4418915294118,51
"ugaguc",-24.4319334740741,135
"acugaa",-24.4251028125,48
"gcuuga",-24.4229766324786,117
"uagguu",-24.4137372826087,138
"acgaca",-24.4130520333333,60
"gaccau",-24.4011603448276,174
"cuugac",-24.3907919306931,303
"gcuggc",-24.390498784127,315
"gcguug",-24.387774248062,129
"uugcau",-24.3828118948718,390
"augucg",-24.3812803958333,96
"uagggu",-24.3755276052632,114
"guaaug",-24.3706275291005,189
"ugagug",-24.3593757588652,141
"ccauga",-24.3580440712251,1053
"cgucau",-24.3546081764706,102
"acuuga",-24.3528950277778,108
"acuaaa",-24.3465149791667,48
"gacggc",-24.3392322222222,171
"caucac",-24.320755796748,123
"cauaac",-24.3203157317073,123
"gguagc",-24.3172778292237,1095
"acucca",-24.3121331666667,60
"uggcau",-24.3083222609911,23610
"aggagu",-24.2952020701754,57
"gauggc",-24.2902220126984,315
"acguaa",-24.2867841666667,48
"gaggug",-24.2866519753086,81
"gguaga",-24.27961015427,1089
"aggugg",-24.2744962222222,108
"aguaau",-24.2707336581197,117
"acuucg",-24.26715475,48
"gguugg",-24.2641391219512,369
"guaggc",-24.2629367173333,375
"gcuugg",-24.2545527281553,309
"ugaguu",-24.24515884,150
"aggggu",-24.2429301578947,57
"uaggau",-24.2429033888889,126
"gagcug",-24.2404419135802,81
"ugaugu",-24.2404388650794,126
"acgcca",-24.2402929666667,60
"gacuuu",-24.240153844086,186
"gcauga",-24.2360353610157,23589
"gggcug",-24.2272679677419,93
"acguua",-24.2229106333333,60
"aggaau",-24.2188543333333,69
"cguugc",-24.2080018627451,51
"accugg",-24.2072924814815,108
"gugaug",-24.197594822695,141
"gauuga",-24.1841904957265,117
"aauggc",-24.1787616734694,294
"guagcg",-24.1678496472492,309
"augccc",-24.166570877193,114
"guagag",-24.1637236925566,309
"ugaaau",-24.1626155724638,138
"ugauau",-24.1615557463768,138
"cugugg",-24.1594507204301,93
"ugaagu",-24.1574936984127,126
"acucaa",-24.148989125,48
"auuaca",-24.1311833,60
"gaccac",-24.122800837037,135
"ugaugg",-24.1195958587571,177
"augguu",-24.1187959147287,129
"auugca",-24.1173330648148,108
"acugcc",-24.1167666818182,66
"gaaucg",-24.1129020877193,57
"agacau",-24.1072352307692,117
"cggugg",-24.1018903763441,93
"aggugu",-24.0943118070175,57
"gagaug",-24.0941708217054,129
"gaauag",-24.0926539824561,57
"uauggc",-24.0738295936508,315
"ucgugg",-24.0597354857143,105
"acggaa",-24.0575305833333,48
"agugau",-24.0555104017094,117
"agccau",-24.0537626495727,117
"acgguu",-24.0418427407407,81
"accuga",-24.0399730833333,108
"caugac",-24.0372787476584,23595
"cuuaca",-24.0340939111111,45
"gauucg",-24.0259215789474,57
"acggua",-24.0217753166667,60
"guuguu",-24.0089781,150
"gauuag",-24.0056734210526,57
"acuuag",-24.0009894375,48
"aagugg",-24.0003347708333,96
"cgacau",-23.9894498627451,102
"gugcug",-23.9839004946237,93
"acgaaa",-23.9789427916667,48
"ccgugg",-23.9781432795699,93
"gauugc",-23.97492468,75
"augaga",-23.97359483,300
"cuucca",-23.9684191777778,45
"gacgca",-23.9623383090909,165
"guagca",-23.9523063360434,369
"guagaa",-23.9522385016181,309
"ugaucc",-23.9470348296296,135
"agauuu",-23.946222372093,129
"cuugcc",-23.9440456470588,51
"guagau",-23.9438681818182,330
"acuucc",-23.9362368030303,66
"aagguu",-23.9280298550725,69
"uagugu",-23.9271944934641,306
"uaguau",-23.9271260345912,318
"acgucg",-23.9270848333333,48
"ugucuc",-23.9267258296296,135
"aggcgu",-23.9266046140351,57
"augucc",-23.9244281491228,114
"guagcc",-23.9240389235474,327
"ggggug",-23.9232654516129,93
"acuacg",-23.9229251041667,48
"ggcgug",-23.9203193120567,141
"cuucac",-23.9192899206349,63
"acgggu",-23.9181234561403,57
"gauuca",-23.9180869565217,69
"gcaugg",-23.9139502364444,1125
"acugcg",-23.9135108541667,48
"cgccau",-23.9133108823529,102
"ugauuu",-23.9121389444444,198
"cugaca",-23.9032195111111,45
"agguau",-23.8993165217391,69
"acgagu",-23.8992935964912,57
"acgauu",-23.8989745432099,81
"acgaua",-23.8909481166667,60
"gaaugu",-23.8876015757576,66
"acucgc",-23.8848066666667,66
"uagaau",-23.8835492460317,126
"cuuggc",-23.8829997327668,1059
"acuagc",-23.8757560757576,66
"uaggug",-23.8732217984496,129
"uagugg",-23.8730752268908,357
"aaugac",-23.8729920623836,1074
"uagcuu",-23.859205826087,138
"guuggg",-23.8561516124031,129
"agggau",-23.8524833913043,69
"uagauu",-23.8479566594203,138
"ggucgg",-23.8420705348837,129
"auggau",-23.8409902222222,117
"ucucau",-23.8377705350877,114
"cugcca",-23.8375448222222,45
"agcuuu",-23.8266640077519,129
"gacaac",-23.8265624444444,135
"acucug",-23.8216799861111,72
"aagauu",-23.819407942029,69
"cuuaac",-23.8190338253968,63
"cucugg",-23.8137364086021,93
"uaucau",-23.8066551825397,126
"acuccc",-23.8065982424242,66
"uaggcc",-23.804481601626,123
"gguuug",-23.804267832021,381
"acaugg",-23.8039971203704,108
"uagcgu",-23.7969544298246,114
"gauuug",-23.7948551152648,321
"acugga",-23.7894704666667,60
"cgugcc",-23.7886548235294,51
"acgugu",-23.7884048070175,57
"uagagu",-23.7827318947368,114
"acgcaa",-23.781416875,48
"ugaucg",-23.7740421111111,117
"ugccuc",-23.7719691259259,135
"acuccg",-23.7709285625,48
"ccuugc",-23.7686592745098,51
"auuggc",-23.7649552067039,1074
"ggaagg",-23.7564222716049,81
"cgcugg",-23.7561760752688,93
"acugac",-23.7532015628931,318
"gauggg",-23.7531497971015,69
"augcuu",-23.7528879534884,129
"ugaugc",-23.751462837037,135
"acuaga",-23.7455383666667,60
"uagcau",-23.7409887185792,366
"agcugg",-23.7372795925926,108
"acugug",-23.7294005416667,72
"guaugg",-23.7287582033898,177
"cuucau",-23.7257857647059,102
"guagcu",-23.7256146432749,342
"acuggu",-23.7094844912281,57
"cuucgc",-23.7065175686275,51
"gaguca",-23.7004624202899,69
"acuagu",-23.6906545964912,57
"uaggcg",-23.6898083047619,105
"agaguu",-23.6748824567901,81
"gagugu",-23.6722355757576,66
"ugaggu",-23.6713399365079,126
"acuugg",-23.6709018,300
"gcuaug",-23.6695519534884,129
"acgcuu",-23.6667721728395,81
"guuggc",-23.6664931478565,1143
"acguag",-23.6609195,48
"acuaag",-23.6567597708333,48
"gauugu",-23.6542545,66
"guagug",-23.6498225776567,1101
"acugag",-23.6473454583333,48
"uaggag",-23.6374051238095,105
"gauuaa",-23.6363870701754,57
"cccugg",-23.632429,93
"acggcc",-23.6279647878788,66
"gucggg",-23.6266702716049,81
"gacacc",-23.6227082923977,171
"uagggg",-23.6174133846154,117
"uaauga",-23.6095970647249,309
"uaggcu",-23.5995420507246,138
"acccug",-23.598967625,72
"ugauua",-23.5950483255814,129
"ucuuga",-23.591115552381,105
"accuua",-23.5877009666667,60
"acgacg",-23.5828552916667,48
"agaauu",-23.5820488271605,81
"accuaa",-23.5814143541667,48
"acuugu",-23.5797657719298,57
"ucuugg",-23.5791955084175,297
"gagguu",-23.5744381444444,90
"ccuuga",-23.5743283010753,93
"acggcg",-23.5734409583333,48
"acgcgu",-23.5705318070175,57
"gaaggg",-23.5692191014493,69
"auuuca",-23.56790765,60
"uagcug",-23.5670163488372,129
"ugucug",-23.5605438387097,93
"acucga",-23.5604670833333,60
"ugagau",-23.5571411811594,138
"uuacau",-23.5534178866667,150
"gagucg",-23.5517281403509,57
"uaacau",-23.550681452381,126
"cuuagc",-23.5495074313726,51
"augggu",-23.5429609809524,105
"agcuug",-23.54218065,120
"gaaggu",-23.5405430909091,66
"gaguag",-23.5314799298246,57
"acuggg",-23.5314789,60
"aagcuu",-23.5140011449275,69
"ucacau",-23.5107237982456,114
"uauugg",-23.5102364692557,309
"accgug",-23.5066882361111,72
"aacugg",-23.505730875,96
"accucg",-23.5052735208333,48
"acucag",-23.5047632083333,48
"ugauca",-23.5022742945736,129
"gaauaa",-23.5007408947368,57
"cuuucc",-23.4992153333333,51
"agguug",-23.4957426,120
"gguggg",-23.4955366124031,129
"uuccau",-23.4942942933333,150
"ugaacg",-23.4894713675214,117
"uguaug",-23.4884209007092,141
"agcguu",-23.4875864938272,81
"uagucg",-23.4785951111111,297
"gaucgg",-23.4747457101449,69
"cgucgc",-23.4726279215686,51
"ggcugg",-23.4686951355932,177
"uccugg",-23.4686441714286,105
"gcaugc",-23.4672956491228,1083
"ugccug",-23.4609398387097,93
"uaguag",-23.4603898956229,297
"cuaugg",-23.4510016236559,93
"agaagu",-23.4508556491228,57
"accuca",-23.4502617666667,60
"ugagcc",-23.4493647481481,135
"acgucc",-23.447434969697,66
"acuagg",-23.4442174833333,60
"gcguga",-23.4430958974359,117
"acguga",-23.4374505185185,108
"ccugcc",-23.4372578627451,51
"acgaau",-23.4370712463768,69
"guugcg",-23.4363164529915,117
"acgcug",-23.4326139583333,72
"acgccg",-23.4308587083333,48
"cguugg",-23.4304627403509,285
"agauug",-23.4275927583333,120
"guaguc",-23.4269604146119,1095
"auguau",-23.4249813076923,117
"ucgcau",-23.421263130719,306
"agcagu",-23.4186664561404,57
"agaugg",-23.4109441759259,108
"gauagg",-23.4094631594203,69
"agguca",-23.4094170333333,60
"uguugg",-23.4068794049844,321
"guagua",-23.4063411056015,1089
"gcuuug",-23.4057260778816,321
"acgcua",-23.4048284166667,108
"cccuga",-23.4045527311828,93
"ugcaug",-23.4031055703906,1101
"agaggu",-23.3985837017544,57
"agcauu",-23.3947527654321,81
"cgaugg",-23.3934412903226,93
"ccuugg",-23.3883654736842,285
"aguucu",-23.3881987208672,369
"ugauag",-23.3870171623932,117
"accuug",-23.3866164,120
"accgua",-23.3865655833333,60
"acucgg",-23.384433,60
"ggacau",-23.3832128695652,138
"acauaa",-23.375248875,48
"aaauga",-23.3723290208333,288
"ggucug",-23.3697490141844,141
"cuuccc",-23.3669430392157,51
"cuuuaa",-23.3668425757576,33
"agcggu",-23.3663945789474,57
"cggguu",-23.3656477727273,66
"agaaau",-23.3627275797101,69
"acucgu",-23.3618928421053,57
"cuacau",-23.3606274019608,102
"cuugaa",-23.3597882424242,33
"gggagg",-23.3551108395062,81
"gaauca",-23.3534556086957,69
"accgaa",-23.3521607291667,48
"gcccug",-23.3445665432099,81
"gccgug",-23.344256962963,81
"cguucc",-23.3438244509804,51
"ucccau",-23.3407779736842,114
"acggug",-23.3403345694444,72
"ccuuca",-23.3403218,45
"aauugg",-23.33384821875,288
"ugaagc",-23.3315856888889,135
"uccuga",-23.3298398666667,105
"ggacgg",-23.3264458518519,81
"acgugc",-23.3260273787879,66
"gagggu",-23.3251769848485,66
"agcaau",-23.3233205217391,69
"uuggca",-23.3231473035616,23613
"cuagcc",-23.3228187647059,51
"agacuu",-23.3218138148148,81
"acgccc",-23.3177964090909,66
"acgaag",-23.3166898958333,48
"cguagc",-23.3156178627451,51
"agccug",-23.3125435416667,72
"ugaagg",-23.3113658372093,129
"ugaaua",-23.3106335271318,129
"acggag",-23.3072756666667,48
"gauggu",-23.3071958787879,66
"uagguc",-23.2967864308943,123
"ugaacc",-23.2955272622951,183
"acacug",-23.2922166527778,72
"uaccau",-23.2915782857143,126
"gaacgg",-23.2908150289855,69
"gagggg",-23.2879843913043,69
"guugag",-23.2878527094017,117
"acguug",-23.2878234583333,120
"acauua",-23.2852907833333,60
"cuccau",-23.2844883921569,102
"gaagcg",-23.2835208421053,57
"cuggcc",-23.2805190784314,51
"guacug",-23.279414177305,141
"acauca",-23.2767830833333,60
"guauga",-23.2752961626016,369
"accaaa",-23.273572875,48
"uagaug",-23.2724061864407,177
"gugggg",-23.2713423333333,81
"ccaugg",-23.2696942150538,93
"ucguca",-23.269686245614,57
"gaagag",-23.2632726315789,57
"uagccc",-23.2628902601626,123
"aucaug",-23.2593852884615,312
"gugguu",-23.2590052745098,102
"ucaugg",-23.2579138952381,105
"cucaug",-23.255924949495,297
"accaua",-23.2557383666667,60
"acaucg",-23.252416375,48
"agaugu",-23.2499651403509,57
"cgucac",-23.248952031746,63
"gaguga",-23.2476632307692,117
"acuguu",-23.244901962963,81
"gaaagu",-23.2443006212121,66
"gagauu",-23.2405378333333,90
"ccucac",-23.2397886349206,63
"augacu",-23.2393489337316,23601
"accuag",-23.2391082083333,48
"ucaaug",-23.2364936666667,117
"gaaugc",-23.23418208,75
"aggcug",-23.2334481944444,72
"cugacu",-23.2332571238361,1074
"uacugg",-23.2265958888889,117
"gaaagg",-23.2255324637681,69
"acggga",-23.2246641833333,60
"gauuua",-23.2185759710145,69
"auucca",-23.2184001833333,60
"agcugu",-23.2177760350877,57
"agugcu",-23.2168425658915,129
"guugua",-23.2167869922481,129
"ugaaca",-23.2161495581395,129
"acagcc",-23.2150911515151,66
"cguccc",-23.2115521568627,51
"ccguca",-23.2094473555556,45
"uaggaa",-23.2058642571429,105
"acauug",-23.202764575,120
"guuauu",-23.2006170266667,150
"acagug",-23.1999372638889,72
"gaugcg",-23.1965402807018,57
"accgcc",-23.1957671969697,66
"gucggu",-23.1955735512821,78
"agcgug",-23.1955119027778,72
"guucuu",-23.1951509866667,150
"augcgu",-23.1940645142857,105
"acguau",-23.1918827246377,69
"auugac",-23.1901643333333,318
"uguccc",-23.1858465862069,87
"uagccg",-23.1851552285714,105
"guugca",-23.1845314519774,177
"acuaac",-23.1840232948718,78
"acuaau",-23.1838036231884,69
"agucug",-23.1808787083333,120
"acgaga",-23.18073205,60
"cucuca",-23.1791723777778,45
"cgugac",-23.1791435709571,303
"auucau",-23.1777464273504,117
"gaugag",-23.1762920701754,57
"uaguug",-23.1757782532982,1137
"acgggg",-23.1749666,60
"acucac",-23.169997,78
"ggaggg",-23.1683548765432,81
"cgagcc",-23.1674279019608,51
"cuauca",-23.1661246444444,45
"ucuugc",-23.1657557460317,63
"acgcag",-23.1646933958333,48
"gaaguu",-23.1626799555556,90
"accacg",-23.1610438333333,48
"aggaca",-23.1592797,60
"gucgcg",-23.154294826087,69
"gauucc",-23.1527120933333,75
"accggu",-23.1518087894737,57
"accgcg",-23.1516296458333,48
"uaaugg",-23.1509248803419,117
"cguaac",-23.1486958412698,63
"augugg",-23.1476944807692,156
"uaaaug",-23.1476365968992,129
"uagcgg",-23.1476067692308,117
"acagaa",-23.1459952708333,48
"cauggu",-23.1427468945578,294
"ccuaac",-23.1395325396825,63
"aucaca",-23.1395020833333,60
"gaguaa",-23.1390337017544,57
"aaaugg",-23.1379471666667,96
"agccuu",-23.1345178395062,81
"accagu",-23.132978754386,57
"uagcag",-23.1327520571429,105
"gguaug",-23.1304326587926,381
"acggau",-23.1294365652174,69
"cgggcc",-23.125128254902,51
"auaaca",-23.1243745833333,60
"uagucc",-23.1238307238095,315
"gagcuu",-23.1214620555556,90
"agacug",-23.1212326388889,72
"agaaug",-23.1208367583333,120
"ugauaa",-23.120208974359,117
"gucgag",-23.1175525797101,69
"agggug",-23.1164165277778,72
"uguaau",-23.1156195777778,90
"cuuuac",-23.1150178108108,111
"accaca",-23.1146227,60
"agugug",-23.111679,120
"cucgcc",-23.1052315882353,51
"auguuu",-23.1039572542373,177
"ggaaag",-23.1025983623188,69
"ugaaag",-23.1024463846154,117
"acuauu",-23.1020336419753,81
"ugcuug",-23.101335177305,141
"uguuau",-23.0988766333333,90
"acgagg",-23.0877052,60
"aaguuu",-23.0867542051282,117
"acagua",-23.0841555166667,60
"gaacgu",-23.082969530303,66
"agacgu",-23.0822581052632,57
"gaugga",-23.0803713188406,69
"gcuugc",-23.07718924,75
"guucgg",-23.0769571085271,129
"acccaa",-23.0760470625,48
"gaaucc",-23.0747754933333,75
"cguuca",-23.0690815111111,45
"acaaaa",-23.0674073958333,48
"uucugg",-23.0672962340426,141
"cggaau",-23.0663811481481,54
"uagccu",-23.0637521449275,138
"uagacg",-23.0607271238095,105
"ugcugg",-23.0598149457364,129
"gacgac",-23.0548540327869,183
"ucuuca",-23.0525111403509,57
"agccgu",-23.0500689122807,57
"uagcca",-23.0495211111111,117
"caugga",-23.0472941784512,297
"cgguuu",-23.0471225,114
"gugggu",-23.0462588974359,78
"ugucuu",-23.0461517745098,102
"guuggu",-23.0433145634921,126
"agauau",-23.0431898695652,69
"caauga",-23.0424705387205,297
"gaagga",-23.041282057971,69
"ggaagu",-23.0397801794872,78
"acaggu",-23.0381790350877,57
"acaucc",-23.0345613333333,66
"ccucgc",-23.0332852745098,51
"accaug",-23.0332558974359,312
"aaguca",-23.0332261875,48
"ccuuaa",-23.0321586666667,33
"gagagu",-23.0289344848485,66
"uagugc",-23.0286723142857,315
"acgcgg",-23.0279207333333,60
"ccugaa",-23.0251043333333,33
"accugu",-23.0220899824561,57
"uaugac",-23.020912516895,1095
"acaagu",-23.0193490175439,57
"gucgca",-23.0154793255814,129
"accucc",-23.0152374393939,66
"aguccu",-23.0142493410853,129
"gucuga",-23.0117080542636,129
"gauagu",-23.0109533787879,66
"aucugg",-23.0096570833333,108
"gagcgg",-23.0095803478261,69
"accccg",-23.0090473125,48
"uagaag",-23.0083239714286,105
"acugca",-23.0067418240741,108
"uagagg",-23.0042416837607,117
"agagug",-23.0042009861111,72
"agcuau",-23.003782884058,69
"agagau",-22.9963566811594,69
"acgcga",-22.9956608333333,60
"gaccuc",-22.9936284561403,171
"ccuucc",-22.9924275098039,51
"accgga",-22.9901356,60
"acauag",-22.9862510625,48
"cauugc",-22.9846321441441,111
"gaaccg",-22.9812211578947,57
"gguugc",-22.9793983925926,135
"guagac",-22.9792561498708,387
"gggauu",-22.9779424019608,102
"cgggau",-22.9764649259259,54
"gauguu",-22.9761432777778,90
"gcuuca",-22.9739651014493,69
"gucucg",-22.9715136521739,69
"gcauaa",-22.9713512962963,297
"augugu",-22.9679534857143,105
"gaaacg",-22.9672608947368,57
"gcgaug",-22.9672127209302,129
"cauuac",-22.9655774736842,171
"guuagg",-22.965318248062,129
"uagaca",-22.9640917264957,117
"aguugg",-22.9627793537037,540
"ucuaug",-22.9624861794872,117
"gaacag",-22.9609730175439,57
"ggauag",-22.9605938115942,69
"cucgca",-22.9597778924731,93
"agcgau",-22.9569497681159,69
"acaaua",-22.9533282333333,60
"gcaugu",-22.9530351080074,1074
"uuguca",-22.952913212766,141
"ugagcg",-22.9528853418803,117
"cgcgcc",-22.949840745098,51
"aggcca",-22.9486766,60
"ugacuc",-22.9474342110687,25911
"gaaaag",-22.9470127368421,57
"accaga",-22.94620345,60
"gagagg",-22.9442977391304,69
"ggugug",-22.9430131914894,141
"cggauu",-22.9422593939394,66
"acccca",-22.9418636166667,60
"acaaca",-22.9411441,60
"agggcc",-22.9389538787879,66
"acuuau",-22.9386151014493,69
"cgguca",-22.9382071555556,45
"gucuag",-22.9347714202899,69
"uuauga",-22.933234009009,333
"cuagca",-22.9314097096774,93
"gggcgg",-22.9251344567901,81
"uagucu",-22.9244267142857,378
"gauaca",-22.9192916666667,69
"cugugc",-22.9169367058824,51
"ggucgc",-22.9138405703704,135
"gacacu",-22.9135023387097,186
"gaugaa",-22.9117554561404,57
"aguaug",-22.9113783511905,168
"acaugu",-22.908460245614,57
"gaucgc",-22.9082409066667,75
"acaacg",-22.9081867916667,48
"gcucug",-22.9080801481481,81
"gcugug",-22.907770617284,81
"gaugcc",-22.9075805866667,75
"guguca",-22.9058295925926,81
"ugaaga",-22.9053037596899,129
"acaccc",-22.9049228030303,66
"ugucgc",-22.9045905747126,87
"auuacg",-22.904432125,48
"cagugg",-22.9028558571429,105
"acagcg",-22.8987725625,48
"auacau",-22.8969104871795,117
"ucugcc",-22.8966305714286,63
"accaag",-22.8948785416667,48
"acccua",-22.8943478703704,108
"gauccg",-22.8942405964912,57
"ucuucc",-22.8905987460317,63
"ugagua",-22.8883153643411,129
"gaucca",-22.8863355797101,69
"accccc",-22.8855988787879,66
"accgag",-22.8854642291667,48
"ugucgu",-22.8843515128205,78
"cgaguc",-22.884210372549,51
"gauacg",-22.8802803859649,57
"gcauca",-22.8785798996764,309
"gaauau",-22.8780791923077,78
"cuaucc",-22.8779884117647,51
"uaggga",-22.8773763076923,117
"ccuagc",-22.8762750980392,51
"acugau",-22.8761691449275,69
"gaucag",-22.8739924210526,57
"ggaacg",-22.8706164782609,69
"gcauua",-22.8700539708738,309
"acacaa",-22.8698816041667,48
"acucuu",-22.869831308642,81
"ugaggg",-22.868784496124,129
"auggug",-22.8677427583333,120
"gagcgu",-22.8676034090909,66
"cugaau",-22.8662394074074,54
"guccau",-22.8631482826087,138
"aggucg",-22.8626369375,48
"accugc",-22.861365530303,66
"ccuccc",-22.8601552156863,51
"uauaug",-22.8601210232558,129
"gauaag",-22.8600322280702,57
"auuaau",-22.8593225362319,69
"cgguau",-22.8567871296296,54
"ugaaaa",-22.8505667094017,117
"acagga",-22.85009565,60
"gaucgu",-22.8496223484848,66
"cuaugc",-22.8459499803922,51
"aacaug",-22.84093838,300
"ggucgu",-22.8404021349206,126
"gcagga",-22.8403709145299,117
"gaguau",-22.8361667564103,78
"uuaugg",-22.8358638368794,141
"cugucc",-22.8356886470588,51
"auccau",-22.8332722735043,117
"acguuu",-22.8331526434109,129
"cgcgug",-22.8298356491228,57
"gaagcc",-22.82964396,75
"gucagg",-22.8292553333333,81
"gaaauu",-22.8287796222222,90
"acaugc",-22.8256141818182,66
"aagagu",-22.8248928444444,45
"gaauuc",-22.8208252666667,75
"gagugc",-22.8162656533333,75
"ccagcc",-22.8160309607843,51
"gcaaga",-22.815330982906,117
"acaaug",-22.810195475,120
"ucguga",-22.8084621047619,105
"acaaga",-22.8061634666667,60
"auugcc",-22.8045779393939,66
"acccgu",-22.8042170526316,57
"guuguc",-22.8023173777778,135
"cgugug",-22.795254122807,57
"cgcuug",-22.7952252761905,105
"gauagc",-22.7923888666667,75
"aguagc",-22.7898994385965,114
"acaguu",-22.7896299012346,81
"cgccug",-22.7891864035088,57
"uggaau",-22.7886035144928,138
"aggugc",-22.7865580909091,66
"uaguca",-22.7859962847896,309
"cuguaa",-22.7843454242424,33
"augcug",-22.7829320583333,120
"cuggaa",-22.7772911818182,33
"cuggau",-22.7763231666667,54
"gaagaa",-22.776109245614,57
"agucgc",-22.7750121315789,114
"acuaug",-22.7746285416667,120
"gauaga",-22.7743623333333,69
"ccggcc",-22.7737312745098,51
"cguaau",-22.7720010740741,54
"cggcuu",-22.7695591969697,66
"uugacu",-22.769454317094,1170
"acacca",-22.7683851,60
"ccuaca",-22.7683603777778,45
"aauuga",-22.7683209895833,96
"ugcaau",-22.7682679444444,90
"gggggg",-22.7670434197531,81
"uagcgc",-22.7651478699187,123
"acccga",-22.7611322333333,60
"uauuga",-22.7599125982906,117
"aagggu",-22.7581348222222,45
"acaccg",-22.7561902916667,48
"guucau",-22.7559486344086,186
"cgucug",-22.7546048070175,57
"ugcuau",-22.7515249777778,90
"cgaaug",-22.751057647619,105
"cuuaaa",-22.7493785151515,33
"gauuau",-22.749374474359,78
"gcuuua",-22.7488667246377,69
"cuaccc",-22.7457160588235,51
"cccaug",-22.7453089461279,297
"ggaauu",-22.7430677941176,102
"acccag",-22.7428819375,48
"aggucc",-22.7421013787879,66
"gucguu",-22.7397694509804,102
"auguug",-22.738137625,168
"uguugc",-22.7372311264368,87
"gaaaga",-22.7352730289855,69
"accggg",-22.7325514,60
"gaucga",-22.7306998695652,69
"acgcgc",-22.7303556969697,66
"ggaucg",-22.7286120144928,69
"uauugc",-22.7283544533333,75
"aauuca",-22.7245807708333,48
"ucugac",-22.7228887111111,315
"cgaucc",-22.7225975882353,51
"gaggcg",-22.7223467719298,57
"gucugu",-22.7214610128205,78
"acgagc",-22.7213051515151,66
"aagaca",-22.7207892291667,48
"aauguu",-22.715311057971,69
"caugca",-22.7128536434783,345
"gaacuu",-22.7097037666667,90
"cucgug",-22.7071275087719,57
"accguu",-22.7049472592593,81
"cugccc",-22.7034163333333,51
"ccucca",-22.7026857333333,45
"gaggag",-22.7020985789474,57
"gagaca",-22.7016672898551,69
"cucugc",-22.6996366666667,51
"acucau",-22.6985228632479,117
"gguugu",-22.6971857619048,126
"guccgg",-22.6967418765432,81
"cugguu",-22.6963328636364,66
"ggucau",-22.6949966182796,186
"auaugg",-22.6943345555556,108
"auaaau",-22.6939602318841,69
"gaacga",-22.6916106086957,69
"acacgu",-22.6905873333333,57
"cugggu",-22.6897353809524,42
"gggagu",-22.6895853205128,78
"uagacc",-22.6892664561404,171
"cuucaa",-22.6866193030303,33
"uagggc",-22.6848711111111,171
"ugccuu",-22.6837575,102
"uguuuc",-22.6832328735632,87
"cggugc",-22.6830470980392,51
"gcguca",-22.6828281594203,69
"aacuug",-22.6826325462963,108
"cgugau",-22.6820848333333,54
"cggucc",-22.6802978823529,51
"ggauga",-22.6794294205607,321
"ugauga",-22.679022796748,369
"cgauug",-22.678647552381,105
"uagauc",-22.6766721788618,123
"ucuccc",-22.6755412698413,63
"ucucug",-22.6750926811594,69
"aauugc",-22.6737757222222,54
"cuugug",-22.6725458245614,57
"ugucca",-22.6708349382716,81
"ugaggc",-22.6692049071038,183
"gagcca",-22.668711173913,69
"ugugau",-22.6686652111111,90
"cuccug",-22.6664781929825,57
"uguucc",-22.6649448275862,87
"cugggc",-22.6626613333333,99
"cuauga",-22.6619668385965,285
"cucucc",-22.6604011764706,51
"aacuga",-22.6598276979167,96
"gaugca",-22.6584296153846,117
"cgauuc",-22.6584077843137,51
"caagcc",-22.6581883968254,63
"uaguuc",-22.6574075558633,1083
"cuguau",-22.6566451666667,54
"aggccc",-22.6557878333333,66
"ggaauc",-22.6549882873563,87
"gaccua",-22.6539035575758,165
"gcacga",-22.6497194358974,117
"ucggcc",-22.6494634761905,63
"augcau",-22.6482509691877,357
"gaauua",-22.6481308115942,69
"uagcuc",-22.6469817836257,171
"ucgcca",-22.6469430701754,57
"acaauu",-22.6467616790123,81
"uaugcc",-22.6465512533333,75
"guggcg",-22.6458956666667,69
"accagg",-22.6452898833333,60
"auaaug",-22.6444740416667,120
"ucgucc",-22.6434316666667,63
"gauauu",-22.6422430111111,90
"acaaag",-22.6420213958333,48
"uagcaa",-22.6401681809524,105
"aaaguu",-22.6392508115942,69
"aucacu",-22.6379448449612,129
"ccgaca",-22.6374859777778,45
"aucaau",-22.6373156521739,69
"cugcac",-22.6369869365079,63
"acagag",-22.6326072083333,48
"accaau",-22.6325895942029,69
"cuucug",-22.6318967192982,57
"gaaucu",-22.6296142536232,138
"cggggu",-22.629607,42
"gucuca",-22.6270731728395,81
"aggacg",-22.6252843541667,48
"agggcu",-22.6243609259259,81
"uccuug",-22.6243245384615,117
"cuacac",-22.6231157142857,63
"ggaugu",-22.621293025641,78
"acacga",-22.6210923333333,60
"ggguuu",-22.6207612733333,150
"guaagg",-22.6189369612403,129
"ucauug",-22.6189141965812,117
"caucgc",-22.6168061351351,111
"aucacg",-22.61578625,48
"cgagug",-22.6146688947368,57
"cgaugc",-22.6120603137255,51
"ucguug",-22.6112699316239,117
"auggag",-22.610757625,96
"uggauu",-22.6105980533333,150
"uaguaa",-22.6099180909091,297
"guggag",-22.6091534347826,69
"aucuug",-22.60759605,120
"cucaca",-22.6072109777778,45
"aauauu",-22.6066891304348,69
"caggcc",-22.6059094920635,63
"gaugua",-22.6045477681159,69
"uaggua",-22.6028297863248,117
"cguuaa",-22.6023216363636,33
"cauagc",-22.6010808198198,111
"cccgcc",-22.5984437254902,51
"cgugaa",-22.5952673939394,33
"uagagc",-22.5947566260163,123
"cuaaca",-22.5941632,45
"guuccg",-22.5941174273504,117
"cacugg",-22.5920161047619,105
"cgaccc",-22.5903252745098,51
"uaauug",-22.5902824496124,129
"auuagc",-22.588605,66
"uaguga",-22.5881391792717,357
"cuuuga",-22.5881279247312,93
"acccgg",-22.5855054166667,60
"agaguc",-22.5824310757576,66
"gagucc",-22.5798242133333,75
"agugcc",-22.5777365350877,114
"aucuca",-22.5762264,60
"cgacug",-22.5740196491228,57
"gggguu",-22.5730717352941,102
"gguggu",-22.5728393015873,126
"gugugu",-22.5721463846154,78
"cuuaau",-22.5718592592593,54
"ccgcca",-22.5718113555556,45
"auuagu",-22.5705406491228,57
"aagugu",-22.5701812888889,45
"gccgga",-22.5701005362319,69
"uucuug",-22.5673540130719,153
"ugagag",-22.5658603504274,117
"ugcccc",-22.5649978275862,87
"aguguc",-22.5641069561403,114
"ugccgu",-22.5636412692308,78
"gugauu",-22.5636400098039,102
"cguuau",-22.5624067962963,54
"accauu",-22.562078962963,81
"gacucu",-22.5618360535181,28794
"auauca",-22.5610988666667,60
"auaacg",-22.5608681041667,48
"cuuuag",-22.5603213030303,33
"ucugca",-22.5576271047619,105
"agagcc",-22.5568238787879,66
"agauuc",-22.5548275151515,66
"aaauug",-22.5547292222222,108
"ugagcu",-22.55259596,150
"acaaau",-22.5515374927536,69
"uguauu",-22.5512758235294,102
"cguguc",-22.5504319803922,51
"uauucc",-22.5504025466667,75
"caugcu",-22.5496164528302,318
"cggccc",-22.5480255686275,51
"gguuga",-22.545099180791,177
"ggacag",-22.5440932173913,69
"cuccca",-22.5415363777778,45
"ugugug",-22.5398023333333,93
"cugaac",-22.5367308730159,63
"uagaaa",-22.5365534952381,105
"ucccug",-22.5348946666667,69
"aaguug",-22.5334660185185,108
"agggcg",-22.5314366041667,48
"aaaauu",-22.5306289710145,69
"gaguua",-22.5305394202899,69
"cuacca",-22.5284885777778,45
"cucccc",-22.5281289215686,51
"gccuca",-22.527218942029,69
"gauucu",-22.5260806376812,138
"ucacug",-22.5253749565217,69
"gaucuu",-22.5231671888889,90
"cauuaa",-22.5230689784946,93
"cuaaac",-22.5228596349206,63
"gauaaa",-22.5213885438597,57
"gcugga",-22.5203818405797,69
"acuguc",-22.5173837424242,66
"cauugg",-22.5144923101449,345
"uuuggc",-22.5137932874467,23667
"aguauc",-22.5131042894737,114
"ucgcug",-22.510986,69
"uaucug",-22.5101962962963,81
"acuuuc",-22.5061026515151,66
"cgcucc",-22.5050102352941,51
"ucguau",-22.5032067424242,66
"auauug",-22.5029197666667,120
"guuacg",-22.5027272222222,117
"cagguu",-22.5000963461538,78
"cguaca",-22.4971201111111,45
"gaucaa",-22.4970083333333,57
"uugucc",-22.4967067619048,147
"cauucc",-22.4963178648649,111
"gauccc",-22.4961374266667,75
"agaauc",-22.495827469697,66
"cgguug",-22.4957916285714,105
"ggaaau",-22.4953906777778,90
"uuauug",-22.4945546928105,153
"ccguga",-22.4942535913979,93
"aguugc",-22.4939553986928,306
"uacuug",-22.4922965968992,129
"cuagug",-22.4919607894737,57
"aguggg",-22.4916862314815,108
"gcuuaa",-22.4901400701754,57
"acacag",-22.4900249375,48
"gccuaa",-22.4882008070175,57
"guggau",-22.4878008777778,90
"gggcuu",-22.4872618039216,102
"gucgau",-22.4857702666667,90
"ucugug",-22.4839824637681,69
"cuugau",-22.4819429074074,54
"guaugu",-22.481866984127,126
"aagaau",-22.4809745263158,57
"aguagg",-22.4798218796296,108
"cgaaau",-22.4794389259259,54
"gagucu",-22.4788960797101,138
"uguguu",-22.4784641862745,102
"uaugug",-22.4774903703704,81
"cugcau",-22.4761452346939,294
"guugau",-22.4740449275362,138
"gugagg",-22.4739272716049,81
"cuaaug",-22.4717573809524,105
"cucggc",-22.4707671010101,99
"ugguau",-22.470514557971,138
"uuaaug",-22.4697498235294,153
"gaaaau",-22.4696110128205,78
"ugaaac",-22.4688960340136,147
"cucuug",-22.4683778666667,105
"caagac",-22.4672298455285,123
"agguag",-22.4670973333333,48
"ucgaca",-22.4660603333333,57
"cgcugc",-22.4657471176471,51
"ucgaug",-22.4656115299145,117
"auuccc",-22.4654081969697,66
"auaagu",-22.4644344385965,57
"gucgga",-22.464409962963,81
"gugucg",-22.4631144202899,69
"ucucgc",-22.4624731269841,63
"gccaga",-22.4617695652174,69
"aagcca",-22.4576595625,48
"cacgcc",-22.456284,63
"ggauuc",-22.4561694022989,87
"cuccac",-22.4559872380952,63
"guaagu",-22.4554787063492,126
"uacuga",-22.4549852649573,117
"cacaug",-22.4547248867314,309
"uucgca",-22.4529193191489,141
"cuacug",-22.4513114736842,57
"auuucc",-22.4506008181818,66
"ccguaa",-22.4496614545455,33
"aggggg",-22.4495694,60
"gggaag",-22.4491498695652,69
"gaggcu",-22.4472156888889,90
"guucag",-22.4456536324786,117
"cguaug",-22.445381,105
"auauga",-22.44486296,300
"aggaug",-22.4448296916667,120
"uaacug",-22.4447655802469,81
"auuauu",-22.444266654321,81
"cuuggu",-22.4441760714286,42
"ccggaa",-22.4426071818182,33
"ugagga",-22.4425692015504,129
"agguaa",-22.4420923958333,48
"uuagca",-22.4420266170213,141
"ugcgug",-22.440198311828,93
"acgggc",-22.4398995614035,114
"gaucau",-22.4398902222222,126
"auuacu",-22.4370300542636,129
"gaagau",-22.4343791666667,78
"gaggga",-22.4340807246377,69
"cgucca",-22.4314455333333,45
"aggagg",-22.4298547833333,60
"ucucca",-22.4297679473684,57
"aucgca",-22.4288083425926,108
"ucgccc",-22.4283741746032,63
"caggac",-22.4281439268293,123
"gagaau",-22.4276985384615,78
"gaaguc",-22.4267549066667,75
"guguag",-22.4263722028986,69
"aggccg",-22.42598275,48
"acaggg",-22.42553645,60
"agucgg",-22.4253630462963,108
"uucuga",-22.4253246170213,141
"acggcu",-22.4235491851852,81
"ggaugc",-22.4218701724138,87
"gucagu",-22.4208525641026,78
"acacua",-22.4208361018519,108
"aacguu",-22.4202949565217,69
"gagccg",-22.4200471754386,57
"cucuga",-22.4183522473118,93
"gaaccc",-22.4182007466667,75
"aaccug",-22.41801055,60
"ccuaaa",-22.4146946363636,33
"acacuu",-22.4145592098765,81
"gaggaa",-22.414402122807,57
"aguccc",-22.4127254736842,114
"aauaca",-22.41214375,48
"uaagug",-22.4120596049383,81
"gcuaga",-22.412050826087,69
"agcgcc",-22.4115654090909,66
"cguguu",-22.4115071969697,66
"aucagu",-22.4113788245614,57
"auaacu",-22.4102795736434,129
"gccuua",-22.4084210434783,69
"ugguuu",-22.4081346767677,198
"ugugcc",-22.4063783448276,87
"gagacg",-22.4060869122807,57
"cauccc",-22.4055925945946,111
"gguaag",-22.4041353268608,309
"uauuca",-22.4039260144928,69
"uguuuu",-22.4034393333333,150
"uguauc",-22.4023681724138,87
"ccuuua",-22.4015667333333,45
"auagca",-22.4014126018519,108
"uaacuc",-22.4013199269841,315
"cgcaau",-22.4011246296296,54
"ggucga",-22.4007898914729,129
"gagcag",-22.3997990701754,57
"ggacgu",-22.3990052564103,78
"cuaggc",-22.3962916262626,99
"cguuag",-22.3960842424242,33
"cauguu",-22.3953105566038,318
"gucggc",-22.3948347555556,135
"ucagcc",-22.3931426031746,63
"gaggau",-22.3924666538462,78
"auagcc",-22.3910291818182,66
"cgagau",-22.3895225925926,54
"accuau",-22.3874010724638,69
"ucaucc",-22.3871108253968,63
"auaauu",-22.3867274691358,81
"gagaag",-22.3858387894737,57
"gaaaaa",-22.3857423157895,57
"cuagac",-22.3841849279279,111
"ccugca",-22.3840550107527,93
"cguggu",-22.3840476190476,42
"aggguc",-22.383956469697,66
"uguuca",-22.3823075308642,81
"agugua",-22.3806841388889,108
"auuugc",-22.376131969697,66
"gugcau",-22.3757670818182,330
"ggaggu",-22.3757310128205,78
"ccugua",-22.3727502444444,45
"cgcccc",-22.372738,51
"cuugag",-22.3723356969697,33
"cgaauc",-22.3716623529412,51
"ccaucc",-22.3712006470588,51
"ucgaau",-22.3706260757576,66
"acuauc",-22.3693739242424,66
"gcgcug",-22.3674531481481,81
"ucacuc",-22.3674475115512,303
"gcggug",-22.3671435432099,81
"cggaca",-22.3662457777778,45
"uagcga",-22.3655402564103,117
"augcag",-22.3642435625,96
"cuuuau",-22.3622650555556,54
"gaacaa",-22.3613620877193,57
"uuaucc",-22.3609881313131,99
"agaucc",-22.3599715,66
"uuaugc",-22.3583156868687,99
"aagcgu",-22.3581352,45
"aggggc",-22.3580066140351,114
"agguuc",-22.3563528484848,66
"cucaac",-22.3557311746032,63
"gaaaca",-22.3546604927536,69
"guuaag",-22.3542634188034,117
"acaguc",-22.3536668787879,66
"uguugu",-22.3528663461538,78
"ccucaa",-22.3519353939394,33
"cucuaa",-22.3518492424242,33
"cuauug",-22.3518002190476,105
"cuggac",-22.3511103063063,111
"gccggg",-22.3504978695652,69
"ugagaa",-22.3500841538462,117
"gccugu",-22.3497115151515,66
"cuauaa",-22.3495953636364,33
"gaacau",-22.3493439365079,126
"cuguac",-22.3488837837838,111
"cucgaa",-22.3447949090909,33
"aguaua",-22.3446166574074,108
"uccgug",-22.3437843188406,69
"cuagaa",-22.3425410606061,33
"acauuc",-22.3423857424242,66
"gugcgg",-22.3414137901235,81
"auuaac",-22.3412553974359,78
"gauaau",-22.3409063846154,78
"auuaug",-22.3404373833333,120
"acaagg",-22.3382749833333,60
"ggaguu",-22.3381971078431,102
"cgugca",-22.3379197096774,93
"gccugc",-22.3375791333333,75
"cggggc",-22.337430020202,99
"uuauuc",-22.3371270606061,99
"cuuggg",-22.3361487333333,45
"cauaaa",-22.335553827957,93
"gaggcc",-22.33469276,75
"ucagug",-22.3342647536232,69
"aggcgg",-22.3322263333333,60
"acccuu",-22.3298765555556,81
"ggagag",-22.3298299130435,69
"ccgucc",-22.3289009607843,51
"accgau",-22.3249550144928,69
"cguuuc",-22.324629372549,51
"uuauca",-22.323050655914,93
"gaacca",-22.3217043478261,69
"ugcgau",-22.3213134777778,90
"uauccc",-22.3203372933333,75
"aaugcc",-22.3203353333333,54
"ucggug",-22.3198758115942,69
"uucuca",-22.3175107419355,93
"agaugc",-22.3168885909091,66
"cacgac",-22.3156503821138,123
"gggaau",-22.3134995333333,90
"aggcuc",-22.3133158245614,114
"gucgcu",-22.3132373039216,102
"ucgguu",-22.3131428205128,78
"ggaccg",-22.3121113478261,69
"aacauu",-22.3116730289855,69
"cgcgau",-22.3112083148148,54
"ccugga",-22.3105927333333,45
"agcucg",-22.3099383541667,48
"gugcuu",-22.3091800490196,102
"ggguag",-22.3071452463768,69
"cauggg",-22.3070786127946,297
"gucgua",-22.3066800123457,81
"acauau",-22.306348942029,69
"uagcac",-22.3060120962963,135
"guuaua",-22.3056904263566,129
"gaugau",-22.3056743717949,78
"aggccu",-22.3032224567901,81
"aaucuu",-22.3012823188406,69
"gucacg",-22.3006276086957,69
"cggcca",-22.3005710666667,45
"gucgcc",-22.3004662873563,87
"gcuggg",-22.3004249710145,69
"aggauc",-22.2973527272727,66
"uguguc",-22.2962708505747,87
"aaucug",-22.2955952333333,60
"uauuau",-22.2940623589744,78
"uaagcc",-22.29069652,75
"gugaca",-22.2897006049383,81
"uaccug",-22.2890085679012,81
"uagaga",-22.2864247521368,117
"caaugg",-22.2861941904762,105
"guacau",-22.285534672043,186
"cuuucg",-22.2852507272727,33
"aguaca",-22.2829978148148,108
"cuaaau",-22.2792970740741,54
"acacgg",-22.27849055,60
"aacgug",-22.2770630333333,60
"cgggug",-22.2761015964912,57
"acucua",-22.2753210657795,31788
"gcccga",-22.2750390289855,69
"auggaa",-22.2748196875,96
"cgaguu",-22.2744007878788,66
"cugagu",-22.2743874761905,42
"agaccc",-22.273657969697,66
"cugauu",-22.2729444393939,66
"uucugc",-22.2718071313131,99
"gugagu",-22.2715378717949,78
"gggugu",-22.2710982435897,78
"gugggc",-22.2708082814815,135
"cgauau",-22.2698446851852,54
"gucugc",-22.2694308275862,87
"aguacg",-22.2685817604167,96
"acccgc",-22.2656939090909,66
"ggaagc",-22.2656595517241,87
"gucaag",-22.2638853043478,69
"ucggau",-22.2631501060606,66
"aggagc",-22.2595644393939,66
"cugugu",-22.2572270238095,42
"accagc",-22.2566433787879,66
"uacgug",-22.2563025555556,81
"cguuuu",-22.2550358421053,114
"ggacuu",-22.252387245098,102
"gauuuc",-22.2493583066667,75
"ucuaca",-22.2488852280702,57
"uaggca",-22.2479523165266,357
"caucaa",-22.2459509247312,93
"acagau",-22.2439029565217,69
"ccgugc",-22.2437044117647,51
"aggaaa",-22.2411280208333,48
"ccaccc",-22.2389283333333,51
"cccgug",-22.2382161578947,57
"uucucc",-22.2377627474747,99
"guaugc",-22.2365194222222,135
"uguagu",-22.2363217692308,78
"auguag",-22.2356856458333,96
"cggcug",-22.2354523508772,57
"agggaa",-22.235282375,48
"aggcgc",-22.2342113939394,66
"cucgac",-22.2308403963964,111
"agaucg",-22.2302411666667,48
"acacgc",-22.229942530303,66
"aggaag",-22.2297447916667,48
"aucgcc",-22.2277496363636,66
"auccug",-22.2271051944444,72
"auccca",-22.2267188833333,60
"agcugc",-22.2267053484848,66
"caugua",-22.2258865387205,297
"gcucga",-22.2253202608696,69
"aaacuu",-22.2252220434783,69
"gauaua",-22.2229776811594,69
"agugcg",-22.2226835625,96
"caucau",-22.2221991296296,162
"ucgugc",-22.2212421111111,63
"acaagc",-22.220891969697,66
"ccgguu",-22.2203709090909,66
"agguua",-22.2179900333333,60
"gggacg",-22.2171679710145,69
"cguggg",-22.2160046666667,45
"agcucc",-22.2147129848485,66
"cggagu",-22.214259047619,42
"gccuag",-22.2135053157895,57
"auacca",-22.2115914,60
"uguccg",-22.211087884058,69
"caggaa",-22.2110584222222,45
"cgugag",-22.2080985757576,33
"augggc",-22.2077869197531,162
"guguau",-22.2069338222222,90
"acaauc",-22.2056570606061,66
"gucuau",-22.2049032666667,90
"gccagg",-22.2044892173913,69
"agucuc",-22.2038794320988,162
"ccugug",-22.2036345614035,57
"guaucg",-22.2027278461538,117
"cucaau",-22.2009828703704,54
"uuacuc",-22.1985469941003,339
"ccccug",-22.1975670350877,57
"cggugu",-22.1970985714286,42
"gaagcu",-22.1968772111111,90
"ccgccc",-22.1966285098039,51
"aaaaug",-22.1965646574074,108
"cuaggu",-22.1956901666667,42
"uaaucc",-22.1945478266667,75
"ggaaga",-22.1944924938272,81
"cuauac",-22.194076972973,111
"cauaau",-22.1931526491228,114
"guggcu",-22.1926049901961,102
"uauguu",-22.1921373888889,90
"cgcuau",-22.1915305185185,54
"cuagau",-22.1893808148148,54
"ugcauu",-22.1888815490196,102
"aaacug",-22.18738725,60
"acgguc",-22.1859359393939,66
"ggccgg",-22.1854780232558,129
"aucauu",-22.1847477037037,81
"ucuuua",-22.1836557017544,57
"guauag",-22.1832136666667,117
"ggauuu",-22.1817290733333,150
"cugcgc",-22.1815628823529,51
"uaugau",-22.1785162564103,78
"acguuc",-22.1746548181818,66
"ccaugc",-22.1727176666667,51
"ucuuaa",-22.1725569111111,45
"ucaccc",-22.1720533174603,63
"gccucg",-22.1720503508772,57
"ugucgg",-22.1703909135802,81
"cuguug",-22.1689442857143,105
"aguccg",-22.16868259375,96
"acgaac",-22.1685597307692,78
"ucgugu",-22.1680997407407,54
"gaacgc",-22.1674982533333,75
"cugaaa",-22.1668813636364,33
"ugucac",-22.1661775858586,99
"cuuaug",-22.1660807714286,105
"agucca",-22.1657753333333,108
"guuagu",-22.1643055555556,126
"guugcu",-22.16391976,150
"uagaac",-22.1632955333333,135
"ccucug",-22.1629853684211,57
"aucgug",-22.161410375,72
"acccau",-22.1599008974359,117
"ggaguc",-22.1595803333333,87
"guucgu",-22.1583458095238,126
"uaugca",-22.1574761367521,117
"uaauau",-22.1555381794872,78
"aaugug",-22.15464765,60
"acgcac",-22.154533525641,78
"gcuagg",-22.1544163768116,69
"cccucc",-22.153613372549,51
"cuggug",-22.1533934561403,57
"ucguaa",-22.1513551555556,45
"acgaug",-22.1510974416667,120
"aaucca",-22.14901425,48
"aagcug",-22.1474725166667,60
"uaaguu",-22.1470756111111,90
"cgcggc",-22.1455357777778,99
"gucgaa",-22.1451204637681,69
"auuaaa",-22.1440739583333,48
"acacau",-22.1423334188034,117
"gaugac",-22.1416147369863,1095
"uuguau",-22.1410828533333,150
"aauuuu",-22.1380174273504,117
"caggau",-22.1374219848485,66
"ugcuuc",-22.1370359310345,87
"agggag",-22.1358970208333,48
"aauagu",-22.1356082888889,45
"cgaggu",-22.1355617142857,42
"uauaau",-22.1351701794872,78
"auucug",-22.1343274444444,72
"aguacu",-22.1308381073446,177
"agcccc",-22.1283994545455,66
"gagaga",-22.1280717246377,69
"gcccgg",-22.1267037101449,69
"ccagac",-22.1261302972973,111
"auuucg",-22.1250183958333,48
"ucuagc",-22.1248033492063,63
"ucauuc",-22.1242626190476,63
"guacgg",-22.1241594806202,129
"uaguua",-22.1235944828227,1077
"gaguuu",-22.122611173913,138
"cguucg",-22.1210136666667,33
"acuuuu",-22.1209292713178,129
"ugcguu",-22.1160700098039,102
"cucggu",-22.1160552619048,42
"uauggu",-22.1153511969697,66
"auggua",-22.1148325740741,108
"augggg",-22.1141372407407,108
"ugugca",-22.1129035813953,129
"cugcug",-22.1127441929825,57
"uuagcc",-22.1121140909091,99
"cucgau",-22.1110665555556,54
"cuacgc",-22.1105760392157,51
"auuaua",-22.1103689166667,60
"agugac",-22.1072781721311,366
"cugcaa",-22.1041221212121,33
"accggc",-22.1014530263158,114
"uguagc",-22.101336862069,87
"guaauu",-22.10069758,150
"cugcuu",-22.1002443181818,66
"cuugga",-22.0993112,45
"ggagcg",-22.0978480869565,69
"cuugcg",-22.0972651818182,33
"guggua",-22.0941626172839,81
"aaguau",-22.0939679649123,57
"ccggac",-22.0930556936937,111
"ggugga",-22.092375620155,129
"ucgggu",-22.091414537037,54
"uuuugg",-22.0913224083513,23661
"gucccg",-22.0913181014493,69
"cggguc",-22.0905400784314,51
"gucuua",-22.0903998518519,81
"guccgu",-22.0889815769231,78
"uaucgc",-22.0881800533333,75
"gagcga",-22.0844093478261,69
"uaggac",-22.0834313934426,183
"ucggca",-22.0811074343434,297
"acgccu",-22.0804087160494,81
"aauucc",-22.0799850925926,54
"uugugg",-22.0794383333333,189
"guguga",-22.0783832015504,129
"aaggcc",-22.0770847407407,54
"gcucgg",-22.0766308985507,69
"gggucg",-22.0751634927536,69
"uauugu",-22.0745912878788,66
"cuaguc",-22.0743375882353,51
"gugcca",-22.0735022962963,81
"cccuug",-22.0726348,105
"agcacg",-22.0725855833333,48
"cgaggc",-22.0710602828283,99
"guauca",-22.0706016511628,129
"cuauau",-22.0697027962963,54
"aauggu",-22.0688501555556,45
"auugug",-22.0686325555556,72
"cauuau",-22.0681045438597,114
"gugaau",-22.0641547444444,90
"auuguu",-22.0625997037037,81
"gucaau",-22.0621242444444,90
"ugcuuu",-22.0581773133333,150
"cgcggu",-22.0559267857143,42
"guccag",-22.0545758550725,69
"gcuugu",-22.0526937424242,66
"auacug",-22.0523134861111,72
"ccuuag",-22.0519753333333,33
"auaccc",-22.0518594242424,66
"gaaagc",-22.05164624,75
"gaaauc",-22.0501236533333,75
"gggcgu",-22.0488104102564,78
"cgauuu",-22.0478248421053,114
"aaagug",-22.04643975,60
"cguuac",-22.0453525765766,111
"gucauu",-22.0444041764706,102
"ugcucc",-22.0440960114943,87
"ugagca",-22.0440111468927,177
"uaagau",-22.0399920769231,78
"uuauau",-22.0393751960784,102
"aaggcu",-22.0389344782609,69
"acgauc",-22.0379260757576,66
"cguauc",-22.0378839411765,51
"auaucc",-22.0370521060606,66
"aaggau",-22.0370410526316,57
"agggua",-22.0348095666667,60
"gaagua",-22.0341025797101,69
"ugucag",-22.0330116376812,69
"uaaggu",-22.0328824545455,66
"uccgcc",-22.0327520952381,63
"ugcugu",-22.0321561538462,78
"aggcag",-22.0304431666667,48
"aauagc",-22.0298813518519,54
"cuuagu",-22.0288281428571,42
"uccucc",-22.0267204126984,63
"cccugc",-22.0264044313725,51
"gggggu",-22.0255361538462,78
"cugagc",-22.0245526862745,51
"gagaaa",-22.0240351754386,57
"ccagug",-22.0230494035088,57
"gaugcu",-22.0230077888889,90
"gagccu",-22.0229767,90
"cgcguu",-22.021660469697,66
"cccccc",-22.0213410588235,51
"uaauuc",-22.02087952,75
"cgguaa",-22.0198246666667,33
"aauuua",-22.0189024166667,48
"cuguag",-22.0178277272727,33
"cccuaa",-22.0171653333333,33
"agcgcu",-22.0156624938272,81
"ggauau",-22.0149535555556,90
"ccauaa",-22.0149114242424,33
"cgggaa",-22.0127703333333,33
"cuuugu",-22.0116679047619,42
"gucaca",-22.010944,81
"cccgaa",-22.010111030303,33
"auugcg",-22.0098645,48
"ccagaa",-22.0078571515152,33
"ucgcuu",-22.0075243717949,78
"aaggug",-22.0065249833333,60
"uguggu",-22.0065037435897,78
"agcuca",-22.0062778833333,60
"aaccuu",-22.0062661594203,69
"auaguu",-22.0050604444444,81
"cucuac",-22.0049855605083,34863
"cugcgu",-22.0046437857143,42
"caugcg",-22.0036255578947,285
"gcugca",-21.9997369145299,117
"gagcaa",-21.9996549298246,57
"aaucgc",-21.9990045740741,54
"cucuag",-21.9977801515152,33
"uaaaau",-21.9966460128205,78
"aggcaa",-21.9962970625,48
"ugucaa",-21.9945198405797,69
"gcgugu",-21.9938208939394,66
"agaacg",-21.9928884791667,48
"guggcc",-21.9924036551724,87
"uaaugu",-21.992122530303,66
"cucuau",-21.9913885925926,54
"guuucg",-21.9910658576052,309
"uucgcc",-21.9888886969697,99
"aaaagu",-21.9881518666667,45
"cguauu",-21.9881188181818,66
"gcguua",-21.9873176086957,69
"uucuau",-21.9871072156863,102
"auagug",-21.9866186805556,72
"guaaga",-21.9861983333333,129
"gugugc",-21.9859962988506,87
"ucuuau",-21.9855574545455,66
"cguaaa",-21.9848575454545,33
"ucgacc",-21.9843267747748,111
"ucgauu",-21.9835825384615,78
"ccacug",-21.9824001929825,57
"gcaaug",-21.9811704180791,177
"aguucg",-21.9805220729167,288
"ccaaug",-21.9792531333333,105
"guaacg",-21.9790646239316,117
"agcgcg",-21.9787378958333,48
"uucgug",-21.9774925142857,105
"cggcuc",-21.9773635555556,99
"uuaguc",-21.9754205555556,99
"aauccc",-21.9748099259259,54
"cccgac",-21.9727858108108,111
"aggaua",-21.9715290833333,60
"agauca",-21.97132725,60
"cguagu",-21.9686997857143,42
"aaauuu",-21.9686056068376,117
"uaaguc",-21.96808932,75
"uagaua",-21.9673166239316,117
"augcac",-21.9668997857143,126
"cggcac",-21.966649031746,63
"uggguu",-21.9664170133333,150
"uaaccc",-21.96448252,75
"agcggc",-21.9644495877193,114
"cuccgc",-21.964262745098,51
"ccuggg",-21.9629786,45
"agugca",-21.9625592051282,156
"augcaa",-21.9615399270833,96
"augguc",-21.9603840263158,114
"guaaag",-21.9595504786325,117
"aucgcu",-21.9593032592593,81
"ccgcac",-21.9574856031746,63
"ccauug",-21.9560571047619,105
"guggga",-21.9550918395062,81
"cuaagc",-21.9535658823529,51
"gcuuag",-21.9534985438596,57
"ucaguc",-21.9529861428571,63
"cgacac",-21.9527778888889,63
"cguugu",-21.9515393095238,42
"acaggc",-21.9506228421053,114
"aaguaa",-21.9505996666667,36
"aacagu",-21.9487793777778,45
"ugaacu",-21.9477809090909,198
"cggcgc",-21.947673254902,51
"cggcgu",-21.9445152619048,42
"ccacac",-21.9436143968254,63
"uguaca",-21.943425,81
"cuucgg",-21.9409514666667,45
"gugcgu",-21.9396668717949,78
"gucguc",-21.9393964942529,87
"aaguga",-21.93766878125,96
"guauuc",-21.9363460148148,135
"uugcca",-21.936204106383,141
"auugau",-21.9359291594203,69
"uucggc",-21.9359010272109,147
"cgugcg",-21.933028030303,33
"aguucc",-21.9291631732026,306
"cuauag",-21.9276113333333,33
"ccgggu",-21.9274288095238,42
"uuaugu",-21.9257524888889,90
"auucgc",-21.9249062727273,66
"gagccc",-21.9232494933333,75
"cgucaa",-21.9220983030303,33
"aaaggu",-21.9213938666667,45
"guaaau",-21.9213164855072,138
"guuauc",-21.9174990814815,135
"caagaa",-21.9174926222222,45
"gaggua",-21.9165111594203,69
"ugcagu",-21.9156114871795,78
"ucauca",-21.9150717017544,57
"agcuag",-21.9143987708333,48
"cccuca",-21.9134389111111,45
"ggacgc",-21.9134331724138,87
"gcuucg",-21.9120435789474,57
"gggugc",-21.911010816092,87
"aauuaa",-21.9094351944444,36
"guuuug",-21.9091212587105,25917
"ccucau",-21.9062600588235,102
"gcguaa",-21.9037977368421,57
"agcggg",-21.9024443333333,60
"aguuga",-21.9018184568966,348
"ccauca",-21.9003911777778,45
"cgcuuu",-21.8992904912281,114
"agagcg",-21.899040875,48
"cuucag",-21.8933942424242,33
"uuaggc",-21.8932431496599,147
"accgcu",-21.8924135925926,81
"cacuga",-21.8921841428571,105
"gggcag",-21.8906446956522,69
"cuuaag",-21.8899291212121,33
"aucccc",-21.8885798939394,66
"ccuaga",-21.8882098888889,45
"ggucag",-21.8879172307692,117
"ccuuac",-21.8868245315315,111
"agaggc",-21.8865288596491,114
"cacgaa",-21.8830780444444,45
"agcagg",-21.8827296166667,60
"aacggu",-21.8820211777778,45
"aauugu",-21.8808966,45
"guguua",-21.8778824444444,81
"augcgg",-21.8766913333333,108
"cgacgc",-21.8766864509804,51
"uucugu",-21.8763410333333,90
"gucuaa",-21.875806826087,69
"aucucc",-21.873772530303,66
"agcccg",-21.8732840416667,48
"ucaugc",-21.8732131587302,63
"uaguac",-21.8724089493333,375
"aaucau",-21.8718442285714,105
"uuagug",-21.8711863809524,105
"guaagc",-21.8694288,135
"guauau",-21.8686176594203,138
"cggaac",-21.8663928730159,63
"cgguuc",-21.8647374901961,51
"uugaca",-21.8644995106383,141
"aauaug",-21.8641857314815,108
"ccugag",-21.8639896363636,33
"ccgaac",-21.8572294920635,63
"ccgggc",-21.8566383939394,99
"ugcauc",-21.8561711609195,87
"cuuagg",-21.8559934666667,45
"gauguc",-21.85528792,75
"ucuuuc",-21.854651015873,63
"cgguag",-21.8535906363636,33
"gguaau",-21.8535745575758,330
"ucuaau",-21.8529765454545,66
"cgaaac",-21.8525216984127,63
"cgaauu",-21.8510123333333,66
"gcgugc",-21.8508986666667,75
"ugggau",-21.8507320289855,138
"ugcacc",-21.849806837037,135
"cuauuc",-21.8485349411765,51
"aguaga",-21.8483559259259,108
"ucgcgu",-21.8456695,54
"auuggu",-21.8439783333333,57
"ccaaac",-21.8433583492063,63
"agccuc",-21.8430912017544,114
"ucaacc",-21.8420922162162,111
"agauga",-21.8401165966667,300
"guaaca",-21.8397184806202,129
"aagucg",-21.8392825833333,36
"cgcguc",-21.8389651372549,51
"aauaau",-21.8388543684211,57
"auguaa",-21.8375525729167,96
"aacuuu",-21.8373234529915,117
"aagucc",-21.8367344814815,54
"aucucg",-21.8363724791667,48
"agugga",-21.8361483888889,108
"uaucca",-21.8357719275362,69
"agauag",-21.8347016875,48
"ccuaua",-21.8345071555556,45
"auuaag",-21.8344918125,48
"guggaa",-21.8339794057971,69
"cgcuag",-21.8335431818182,33
"guuaau",-21.8330663478261,138
"ggguau",-21.8330623111111,90
"gccucu",-21.8330327636364,330
"auuuau",-21.8324691594203,69
"ccgaaa",-21.8321974848485,33
"ucguua",-21.8313842105263,57
"gguuag",-21.831121042735,117
"cuggag",-21.8298420909091,33
"guacgu",-21.8286640873016,126
"auuccg",-21.8274054375,48
"cugggg",-21.8257116,45
"auuuga",-21.8236765092593,108
"gucucc",-21.8234342758621,87
"cgucgg",-21.8208073777778,45
"acugcu",-21.820038345679,81
"ggaggc",-21.817227562963,135
"cgucuu",-21.8154186363636,66
"gaguuc",-21.8149419866667,75
"gaaggc",-21.8138841382114,123
"acggac",-21.8117501031746,126
"uccccc",-21.8116628888889,63
"uacgcc",-21.8109928933333,75
"uaucuu",-21.8101855888889,90
"ucgagu",-21.8098093703704,54
"cucgag",-21.8097946060606,33
"aguaag",-21.808989,96
"auuagg",-21.8076512333333,60
"cucagc",-21.8072525882353,51
"ccucga",-21.8061189333333,45
"uauagc",-21.80537768,75
"aaagcc",-21.8040075925926,54
"aucguu",-21.803080654321,81
"caacac",-21.80150552,75
"gcggga",-21.8005786231884,69
"guaauc",-21.7980520962963,135
"cagcac",-21.7980067333333,75
"agcguc",-21.7976186060606,66
"ccgauu",-21.7969823484848,66
"cuuuua",-21.7955608,45
"cagggu",-21.7950937962963,54
"guccca",-21.7947457160494,81
"cgucuc",-21.7947392525253,99
"uuguaa",-21.7944439767442,129
"agaccg",-21.7935869375,48
"gugacg",-21.7922283188406,69
"cucacu",-21.792191377193,114
"aguaac",-21.7918619206349,126
"cggagc",-21.7906631372549,51
"uauauu",-21.7901360444444,90
"guccuu",-21.7899443333333,102
"agaagc",-21.789895030303,66
"aaugua",-21.7896487291667,48
"guauua",-21.788575627907,129
"uucuuc",-21.7875324040404,99
"agcuga",-21.7859828518519,108
"auggac",-21.7857077988506,174
"cgccac",-21.7856493809524,63
"ugcgcc",-21.7855295287356,87
"agccgg",-21.7851011833333,60
"gcuaca",-21.7850553478261,69
"uacuau",-21.7823356153846,78
"auaucg",-21.7814542708333,48
"acaaac",-21.7803440128205,78
"cuaagu",-21.7803422619048,42
"ugcccg",-21.7792302463768,69
"ucugga",-21.7778935263158,57
"ccuucg",-21.7769046363636,33
"ccccac",-21.776485968254,63
"uguucg",-21.7754974347826,69
"ccguug",-21.7732011714286,105
"gaaccu",-21.7726381111111,90
"ucguuc",-21.772331,63
"accaac",-21.7712731153846,78
"auagau",-21.7705667826087,69
"gguagu",-21.7700650722793,37950
"agcuuc",-21.7700149393939,66
"ucugua",-21.7695664385965,57
"ccgcaa",-21.7694381212121,33
"gucucu",-21.768962502924,342
"cuugua",-21.7667442666667,45
"acacac",-21.7663177692308,78
"uaacuu",-21.7651238333333,90
"agucac",-21.7649687619048,126
"agacgc",-21.7645419242424,66
"cgauag",-21.7633742121212,33
"cuaugu",-21.7631818809524,42
"agugag",-21.7630907708333,96
"ucgcuc",-21.7628206396396,111
"gcgggg",-21.7617472028986,69
"aauucg",-21.7614484166667,36
"augugc",-21.7595394736842,114
"cuucgu",-21.7590845238095,42
"auucac",-21.7579798333333,78
"acccac",-21.7572469487179,78
"agcaca",-21.7561403666667,60
"gugaag",-21.755486115942,69
"gggagc",-21.7548001494253,87
"uaucgu",-21.7546290909091,66
"ugccgc",-21.7541386206897,87
"ugcguc",-21.7500738275862,87
"gagcgc",-21.7495818666667,75
"gcugua",-21.7470458405797,69
"ucauau",-21.7456252575758,66
"ucugau",-21.7455006363636,66
"uaaauu",-21.7450743444444,90
"guugga",-21.744820124031,129
"gagggc",-21.7440186422764,123
"guuuag",-21.7428119708738,309
"cugucg",-21.7427571212121,33
"cuuguu",-21.7421923181818,66
"cuuguc",-21.7405591960784,51
"cuagag",-21.7396256666667,33
"ugccca",-21.7394268888889,81
"auaggu",-21.7378720701754,57
"cauuag",-21.7360794731183,93
"auguua",-21.736002037037,108
"cguagg",-21.7358494222222,45
"cucaaa",-21.7343851818182,33
"caaaac",-21.73398904,75
"agaggg",-21.7339573833333,60
"aaaugu",-21.7334402444444,45
"ucucac",-21.7325479733333,75
"cuaaaa",-21.7321313030303,33
"augcgc",-21.7318735614035,114
"aagccc",-21.7315592407407,54
"cagaac",-21.73049028,75
"cgccgc",-21.7303730980392,51
"cgucag",-21.729157030303,33
"uauucg",-21.7284077368421,57
"uauuuc",-21.7273305866667,75
"uuucau",-21.7269957601626,246
"uauagu",-21.7262438181818,66
"cguaag",-21.7256919090909,33
"agucga",-21.724293287037,108
"guugcc",-21.7227176148148,135
"cucucg",-21.7227096060606,33
"acauuu",-21.7220915271318,129
"uccuca",-21.7217296140351,57
"aucgcg",-21.7212186041667,48
"agaaca",-21.7211897666667,60
"aucuga",-21.7210813518519,108
"cgaagu",-21.7202137380952,42
"ucgucg",-21.719979,45
"gcuagc",-21.71974796,75
"cgaagc",-21.7196763333333,51
"cggaug",-21.7177366095238,105
"ggcuag",-21.7167728888889,117
"uacucc",-21.7148440666667,75
"agaagg",-21.7142427666667,60
"aucgau",-21.7139222463768,69
"ucuucg",-21.7118448,45
"cgauga",-21.711135954386,285
"aauaua",-21.711060875,48
"agcauc",-21.711015030303,66
"uaaugc",-21.7096937866667,75
"agucag",-21.7090898020833,96
"aguuca",-21.7059483066667,300
"cggggg",-21.7055674666667,45
"ccgaau",-21.7045389259259,54
"uauggg",-21.7042477246377,69
"gcucgc",-21.7039773333333,75
"cgaugu",-21.7030534285714,42
"cucagu",-21.7007073333333,42
"agcagc",-21.6997119242424,66
"gucaga",-21.6990907777778,81
"cgucgu",-21.698956,42
"gggaca",-21.6984758271605,81
"cgccuc",-21.6971854040404,99
"accguc",-21.6947888939394,66
"agcccu",-21.6945239135802,81
"aacugu",-21.6940676222222,45
"gugacu",-21.693842490991,1110
"aguuuu",-21.6930872417231,28785
"gcgaga",-21.6922476666667,69
"cguuga",-21.6876665483871,93
"uauaca",-21.6872602028985,69
"ugcggu",-21.6857934871795,78
"ucgggc",-21.6853974234234,111
"cgcaac",-21.6853932063492,63
"uacguu",-21.6852790555556,90
"aucggu",-21.6848164385965,57
"ccggug",-21.6844821578947,57
"uguuga",-21.6841548062016,129
"cucugu",-21.683547,42
"accuuc",-21.6835078333333,66
"ucuguc",-21.6833745873016,63
"aagaaa",-21.6829601388889,36
"ccuggu",-21.6818695,42
"cuggcu",-21.6816356363636,66
"cgacuu",-21.6783121363636,66
"agcaag",-21.677046,48
"cuuaga",-21.6769283333333,45
"ccagga",-21.6764932222222,45
"ggggag",-21.6763813913043,69
"cccaac",-21.6762298253968,63
"gugguc",-21.6760541149425,87
"uaaacc",-21.6745801300813,123
"uauguc",-21.67454044,75
"aaggaa",-21.6744823333333,36
"caagau",-21.6744128484848,66
"uuguug",-21.6743743034826,201
"agccgc",-21.6743587878788,66
"ccuaug",-21.673576552381,105
"uaacgu",-21.6721603636364,66
"ggagau",-21.6721025555556,90
"ggacga",-21.6717109753086,81
"ucugaa",-21.6716871555556,45
"cuccaa",-21.6716258787879,33
"cucggg",-21.6710551111111,45
"uugccc",-21.6708002176871,147
"cuacaa",-21.669372030303,33
"aaucgu",-21.6688504444444,45
"auauau",-21.6671067246377,69
"accuuu",-21.6669647829457,129
"uacgau",-21.666789525641,78
"auagcg",-21.666300375,48
"cgggag",-21.6656049393939,33
"cccggc",-21.6647441313131,99
"uugacc",-21.6645488820513,195
"auucuu",-21.6638982345679,81
"guaucc",-21.6638053037037,135
"gaucac",-21.6635628045977,87
"aagccu",-21.6623890434783,69
"ugccgg",-21.6621991234568,81
"uuguuc",-21.6607128095238,147
"gggccg",-21.6586628550725,69
"uuuuuc",-21.6579631524548,387
"gggggc",-21.6565276222222,135
"uugugc",-21.6565237823129,147
"cuaucg",-21.6525407272727,33
"gaaaua",-21.6525325652174,69
"ucucga",-21.6516178421053,57
"aaguua",-21.6513300625,48
"ucggaa",-21.6504854,45
"uuucgc",-21.6487896051282,195
"cgcgag",-21.6455574242424,33
"cccgga",-21.6449560888889,45
"ccgcug",-21.643832877193,57
"uaaagu",-21.6437750909091,66
"cgcuca",-21.6421986888889,45
"aauaaa",-21.6417956944444,36
"guuugg",-21.6415918878856,1329
"cgcagu",-21.6405789047619,42
"uccacc",-21.6402053873874,111
"caccac",-21.6394770666667,75
"ucuugu",-21.6388066851852,54
"uuagau",-21.6387646666667,102
"uauuaa",-21.6378515789474,57
"gggauc",-21.637260954023,87
"gggcuc",-21.6371768148148,135
"gguauu",-21.6360389561404,342
"caugug",-21.635475,309
"ugcccu",-21.6343610392157,102
"gagagc",-21.6337298,75
"aaugaa",-21.6333178055556,36
"caaguc",-21.6327845555556,63
"cagggc",-21.631459036036,111
"uauuag",-21.6314571929825,57
"cgauca",-21.6291509111111,45
"aaaaau",-21.6283722631579,57
"aacgcc",-21.6276363518519,54
"ccgcuu",-21.6242821969697,66
"uacaau",-21.623443474359,78
"cgcugu",-21.6234184285714,42
"ggguca",-21.6221425925926,81
"ggaaaa",-21.6191763333333,69
"cuuccg",-21.6183236060606,33
"guaguu",-21.6174737209615,34902
"aagugc",-21.6169541481481,54
"ucuacc",-21.6169258453671,37935
"agacgg",-21.6166142666667,60
"gcgagg",-21.6157384927536,69
"cuuacg",-21.6148584848485,33
"ccggau",-21.6146226296296,54
"cgcuuc",-21.6131624705882,51
"ucaaau",-21.6130443484848,66
"uggcuu",-21.6110993011696,342
"ccaguc",-21.6109175686274,51
"aucuau",-21.6104622173913,69
"augucu",-21.6104289830508,177
"gcucca",-21.6090310724638,69
"gcauug",-21.608661,369
"gggcau",-21.6080621484517,1098
"acagac",-21.6074988253968,126
"auugcu",-21.606492308642,81
"auacuu",-21.6063590617284,81
"cuuacu",-21.6061461929825,114
"agcuaa",-21.60583525,48
"uacggu",-21.6052234090909,66
"cuaguu",-21.6050858484848,66
"uuaggu",-21.6017577,90
"ugccag",-21.601154,69
"ucgguc",-21.6010546666667,63
"gauccu",-21.5987688444444,90
"cgcauu",-21.598271969697,66
"uguuag",-21.5974211449275,69
"agaaag",-21.5973489791667,48
"gccggu",-21.5972334090909,66
"ucguag",-21.5970425333333,45
"cuucga",-21.5948373555556,45
"gaggca",-21.5946955469256,309
"aucccu",-21.5925320740741,81
"ggccag",-21.5922085042735,117
"aguaaa",-21.5914497604167,96
"caaguu",-21.5913013076923,78
"gucuuc",-21.5907601609195,87
"ccaggc",-21.5902686464646,99
"agugaa",-21.589552625,96
"uggaug",-21.5889876772487,189
"ccugcg",-21.588919030303,33
"ucuuag",-21.5889081777778,45
"aaugca",-21.5885939895833,96
"cgcuaa",-21.5873285151515,33
"ugcugc",-21.5867792298851,87
"uucgau",-21.5864967156863,102
"cacgau",-21.5857461818182,66
"cgauaa",-21.5850745757576,33
"gcugac",-21.5848852293578,327
"agcgag",-21.5831983541667,48
"gauaac",-21.5831315172414,87
"gugccg",-21.5829189130435,69
"acgacc",-21.5825227719298,114
"aacaau",-21.5817744912281,57
"aucggc",-21.5816055175439,114
"ggaucc",-21.5804336091954,87
"cgcgaa",-21.580274,33
"cggucg",-21.578520030303,33
"cgagaa",-21.5780202121212,33
"cggauc",-21.5779920784314,51
"guauaa",-21.5770101452991,117
"agagcu",-21.576553691358,81
"cgagag",-21.5753884545455,33
"gcuucc",-21.5744998133333,75
"ggagga",-21.5743293333333,81
"guacuu",-21.5737134533333,150
"ucaauc",-21.573589031746,63
"cgcagc",-21.5733630196078,51
"agauaa",-21.5728297916667,48
"cacaac",-21.57196068,75
"uccugc",-21.5705206190476,63
"ccucgg",-21.5677812444444,45
"ucuggg",-21.5655996315789,57
"uguuaa",-21.5652884927536,69
"guguaa",-21.5646658115942,69
"ggaaca",-21.5646185308642,81
"uacugu",-21.5644635,66
"aaaucc",-21.5636573333333,54
"gcuaua",-21.5631538985507,69
"ucuggu",-21.5621215740741,54
"cuaauc",-21.5617894313725,51
"guugac",-21.561462625323,387
"guaaua",-21.5594024806202,129
"cgcucg",-21.5584726060606,33
"cuggcg",-21.5547715454545,33
"aaacau",-21.553317752381,105
"uuugac",-21.5532821877934,639
"uucggu",-21.5523462666667,90
"uuccug",-21.5520686571429,105
"cgcggg",-21.550911,45
"gaauuu",-21.5504671811594,138
"accgac",-21.5503585873016,126
"ccguua",-21.5493935333333,45
"accccu",-21.5492730864198,81
"accauc",-21.5467791666667,66
"gugcag",-21.5461767101449,69
"aucaag",-21.5458458958333,48
"agccca",-21.54553735,60
"auuuuu",-21.5453955891473,129
"aucaaa",-21.5443672291667,48
"auuuua",-21.5434168666667,60
"ccacau",-21.5411017058824,102
"aauaac",-21.5394862575758,66
"aucccg",-21.5387595416667,48
"gcgcgg",-21.5379529130435,69
"cuaacu",-21.5373815789474,114
"uaauca",-21.5372097971015,69
"gucacu",-21.5372060666667,150
"auaaaa",-21.5361406666667,48
"gagaua",-21.5349411449275,69
"auagcu",-21.5348783209877,81
"cucgcg",-21.534724030303,33
"gauuuu",-21.5344145144928,138
"caaucc",-21.5335718253968,63
"auugua",-21.5330735166667,60
"cagauu",-21.5318827564103,78
"cauaag",-21.5297832365591,93
"ucucgg",-21.5255948245614,57
"guuuuu",-21.5251138005181,1158
"ggcucg",-21.5244746666667,117
"aagacg",-21.5231255277778,36
"ucucaa",-21.5225545111111,45
"ccggga",-21.5224302666667,45
"aaacgu",-21.5213941333333,45
"gcggca",-21.5209117313916,309
"ccggua",-21.5205772222222,45
"uaucgg",-21.518484115942,69
"ucgcgc",-21.5179594603175,63
"cgcuga",-21.5178909247312,93
"gggaga",-21.5155057777778,81
"gugucc",-21.5153716551724,87
"ggggca",-21.515034165109,321
"cuuuuc",-21.5147567058824,51
"auaggc",-21.5141180175439,114
"auuugu",-21.5134258070175,57
"ccgagu",-21.5120808809524,42
"cuacgu",-21.5105986666667,42
"agacca",-21.5105868,60
"uguccu",-21.510493245098,102
"uaaauc",-21.50973692,75
"ccguag",-21.5094817575758,33
"ugucga",-21.5088650493827,81
"ccgcgc",-21.5083305294118,51
"cuguga",-21.5080531935484,93
"uaguuu",-21.5077452566058,31866
"gccagu",-21.5076542272727,66
"uccuau",-21.5056764848485,66
"ucagau",-21.5055684848485,66
"gcgcga",-21.5055171304348,69
"uaucac",-21.504859954023,87
"agagag",-21.5035013125,48
"cggcau",-21.5023101421846,1062
"ucgcaa",-21.5013528,45
"aacuca",-21.49883175,48
"ccguau",-21.4949446481481,54
"ccgugu",-21.4949204761905,42
"aaccau",-21.4943342380952,105
"aauggg",-21.493983125,48
"gcgaca",-21.4939184782609,69
"uggagu",-21.4932797936508,126
"gguacg",-21.4932283139159,309
"uuuuua",-21.492498175853,381
"auaaag",-21.4909276666667,48
"guguuu",-21.4908683666667,150
"ggggau",-21.4902114444444,90
"cagaau",-21.4901258030303,66
"cccuag",-21.4894341515152,33
"auguuc",-21.4891000789474,114
"ggugag",-21.4889283418803,117
"aaucac",-21.4885965606061,66
"cgaucg",-21.4883035151515,33
"ggauca",-21.4882852839506,81
"aaguag",-21.48644525,36
"ggguga",-21.4852355503876,129
"uacccc",-21.4847788266667,75
"auaccg",-21.4838412916667,48
"ucuaga",-21.4836953508772,57
"ucgggg",-21.4831199122807,57
"ccuagg",-21.4828233333333,45
"aaccgu",-21.4820215333333,45
"cagucc",-21.4812928412698,63
"cuaggg",-21.4799589777778,45
"gauauc",-21.47865668,75
"aguuag",-21.4782271701389,288
"agcuua",-21.4780705,60
"ggccau",-21.4779009086022,186
"agccag",-21.4777444375,48
"uguaac",-21.4773725757576,99
"gguuuu",-21.4773485353535,198
"aacgcu",-21.4770917681159,69
"gucaua",-21.476993962963,81
"acuccu",-21.4768977777778,81
"ucggga",-21.4761570175439,57
"ugcuga",-21.4746706356589,129
"guccga",-21.473772308642,81
"ggcggg",-21.4726911395349,129
"cauuga",-21.4717159411765,153
"ucuaac",-21.4714571466667,75
"aauagg",-21.4698525208333,48
"ggcuuu",-21.4693002222222,198
"agucaa",-21.4687859166667,96
"gucagc",-21.4685137701149,87
"cuagga",-21.4652115777778,45
"ccccau",-21.4649626568627,102
"cuagcg",-21.4645551515151,33
"aggaga",-21.4640934,60
"caucag",-21.4636794086022,93
"auucgu",-21.4628061403509,57
"auuaga",-21.4620090333333,60
"aaaccc",-21.4584821296296,54
"cacgug",-21.458297942029,69
"cacggc",-21.455925036036,111
"cguccg",-21.4540864242424,33
"aaauca",-21.4538306458333,48
"ccgggg",-21.4525415111111,45
"ggauaa",-21.4518584057971,69
"aauuau",-21.4518478245614,57
"ugcuca",-21.4508994691358,81
"cguacg",-21.4506213030303,33
"cgacgu",-21.4504701666667,42
"uuaacc",-21.4497750272109,147
"uaaucg",-21.4497065789474,57
"gccucc",-21.44922944,75
"aagggg",-21.4467883125,48
"uuacug",-21.4457625333333,105
"aauacg",-21.4452911944444,36
"ucaugu",-21.4448516111111,54
"ggggcg",-21.4443995652174,69
"caggag",-21.4441454666667,45
"ucgcgg",-21.4431151403509,57
"agggga",-21.4404787166667,60
"ggucuu",-21.4387322666667,150
"ggguuc",-21.4384420804598,87
"cugaug",-21.4384363904762,105
"ccacgc",-21.4373437843137,51
"gguaaa",-21.4359977411003,309
"uuuagc",-21.4359866820513,195
"ucucuc",-21.4353599189189,111
"cucgga",-21.4336744888889,45
"ccaggu",-21.4333834761905,42
"guacga",-21.4331479379845,129
"uuguga",-21.4328302380952,189
"caaggu",-21.4318787962963,54
"gaaacc",-21.4310727073171,123
"cuccgu",-21.4309635952381,42
"cugcgg",-21.4305143111111,45
"guacgc",-21.427637037037,135
"uuauaa",-21.4265006666667,81
"uucguc",-21.4258257979798,99
"ucauaa",-21.4257496444444,45
"cgccuu",-21.4255717727273,66
"ggaccc",-21.4255389655172,87
"uuuguc",-21.4229472093023,387
"aagagg",-21.4226577916667,48
"aaggua",-21.4220763333333,48
"auaagc",-21.4218675454545,66
"gagguc",-21.4208716133333,75
"ccauag",-21.4192652727273,33
"cacgag",-21.4186274444444,45
"cgagac",-21.4183207927928,111
"ucggua",-21.4172951403509,57
"caaccc",-21.4159398253968,63
"caacau",-21.4151612017544,114
"uucuaa",-21.4138095555556,81
"auaauc",-21.4137586818182,66
"ggagcc",-21.4122400114943,87
"ccuaau",-21.4101586851852,54
"uaucuc",-21.409228203252,123
"aauuag",-21.408611,36
"cagugc",-21.4076854603175,63
"auaugu",-21.4073196491228,57
"gccgua",-21.4066002173913,69
"agcaaa",-21.4048706458333,48
"auccuu",-21.404379345679,81
"caaggc",-21.4041228918919,111
"caagag",-21.4032376888889,45
"cuaacc",-21.4031913333333,99
"gggcgc",-21.4025738045977,87
"cggaaa",-21.4023606363636,33
"guaccg",-21.4018419230769,117
"ggaaua",-21.4012716790123,81
"ggcccg",-21.3999103418803,117
"cccaaa",-21.3997013030303,33
"agcgaa",-21.399025125,48
"cgggca",-21.3982858421053,285
"agacag",-21.3980474583333,48
"ccaaaa",-21.3974474545455,33
"aaggcg",-21.3973115277778,36
"guaacu",-21.3969800707071,198
"auauuu",-21.3962971085271,129
"aacucg",-21.3950572777778,36
"aaugau",-21.3949209298246,57
"guccgc",-21.3932357816092,87
"cgggcg",-21.3905343636364,33
"gcguag",-21.3903164035088,57
"gucccu",-21.3887684705882,102
"aucagg",-21.3873118833333,60
"aacucc",-21.3872860185185,54
"uuaccc",-21.3870158484848,99
"ggccuu",-21.38548114,150
"cgggac",-21.3852461801802,111
"ccauuc",-21.3851150196078,51
"ccucag",-21.3850481212121,33
"uacacc",-21.3844776666667,123
"ucuaua",-21.3838996140351,57
"guacag",-21.3823277777778,117
"ccuaag",-21.381583,33
"uguuua",-21.3804326296296,81
"cugacc",-21.3777624848485,99
"gccggc",-21.3745926666667,123
"ugguug",-21.3732625502645,189
"uccaau",-21.3730956212121,66
"agaaaa",-21.3718651875,48
"guuacu",-21.371471969697,198
"ugugac",-21.3709655280236,339
"cgccgu",-21.3708350952381,42
"cgcgcg",-21.3704868181818,33
"cagcuu",-21.3696953717949,78
"uucacc",-21.3687945510204,147
"guaaaa",-21.3682754188034,117
"caaugc",-21.3682563492063,63
"ucaggu",-21.368166537037,54
"guuccu",-21.36733496,150
"agagaa",-21.3660196666667,48
"uugaau",-21.3650162466667,150
"cagccc",-21.3636608571429,63
"uaugaa",-21.3622728421053,57
"aauaga",-21.3612370208333,48
"uaugga",-21.3599027681159,69
"cgaggg",-21.3598148888889,45
"uguagg",-21.3592962962963,81
"auacgu",-21.3566999122807,57
"aagcaa",-21.3566846388889,36
"cacguu",-21.3566360512821,78
"aucugu",-21.3542640350877,57
"cccggu",-21.3537486190476,42
"uaauag",-21.3527560526316,57
"cucguu",-21.3523455454545,66
"guucgc",-21.351382562963,135
"ccgagc",-21.3513203333333,51
"cugcag",-21.3509004848485,33
"acagcu",-21.3506915061728,81
"auaaac",-21.3506064102564,78
"uugugu",-21.3501342463768,138
"ucgcga",-21.3498813157895,57
"gcgucg",-21.3488612280702,57
"aagaug",-21.3484604444444,108
"uaugcg",-21.3480792105263,57
"aaucgg",-21.3479411041667,48
"cugaag",-21.3474354848485,33
"acaacc",-21.3466500964912,114
"ugccaa",-21.3462721014493,69
"cugagg",-21.3455562222222,45
"ugcucg",-21.343639826087,69
"aagaua",-21.3434885833333,48
"auaacc",-21.3431939649123,114
"cccaca",-21.3414775555556,45
"cacggu",-21.3398843148148,54
"cggcaa",-21.3396013636364,33
"gccaca",-21.338309173913,69
"uuaguu",-21.3382262631579,114
"accacc",-21.338051754386,114
"auugaa",-21.3375085416667,48
"ccccaa",-21.3369419090909,33
"cauuuc",-21.3362972522523,111
"aggaac",-21.3355362307692,78
"ccacaa",-21.3346881818182,33
"ggcagg",-21.3343475607477,321
"guucca",-21.3332399612403,129
"caccau",-21.3327997192982,114
"cacucc",-21.3316673333333,63
"aaugga",-21.331205875,48
"ggcucu",-21.3309574179487,390
"cuccag",-21.330853030303,33
"ugcggc",-21.3303114296296,135
"ccaaca",-21.3284297555556,45
"auuuaa",-21.3282721458333,48
"guguuc",-21.3274178045977,87
"cucaag",-21.3273878787879,33
"cucgcu",-21.3265355454545,66
"cgcauc",-21.3264170196078,51
"ggauua",-21.3222150246914,81
"ccggag",-21.3214960606061,33
"ccugau",-21.3202423703704,54
"aaugcg",-21.3194771388889,36
"auggga",-21.3192306944444,108
"cuuauu",-21.3188039242424,66
"gguaac",-21.3186939174041,339
"guugaa",-21.3185363333333,117
"gcgcca",-21.3178942318841,69
"ucucgu",-21.3163764259259,54
"aaucaa",-21.3155200833333,36
"uggccu",-21.3143671140351,342
"agauua",-21.3141883666667,60
"aucagc",-21.3136633787879,66
"uguacg",-21.3126834492754,69
"gcaggg",-21.3120731025641,117
"cuggga",-21.3111486666667,45
"cggcgg",-21.3103701777778,45
"caguau",-21.3097384393939,66
"uuguua",-21.3074417304965,141
"caagug",-21.3040738405797,69
"ucuauc",-21.3039774126984,63
"auccgu",-21.3036443157895,57
"uaccuu",-21.3033273222222,90
"ccggca",-21.3022496701754,285
"cccgag",-21.3014485757576,33
"gucccc",-21.3007816436782,87
"aagcgg",-21.3007463125,48
"cgagcg",-21.3003178484848,33
"gcuggu",-21.3002156666667,66
"aggcau",-21.2996776657382,1077
"cccggg",-21.297885,45
"gguccg",-21.2973236324786,117
"gcugaa",-21.2960752280702,57
"agcgua",-21.2948900166667,60
"gccgaa",-21.2941359649123,57
"cucacc",-21.2940823737374,99
"aggcac",-21.2923991794872,78
"guacca",-21.2923946976744,129
"ucacca",-21.2923285263158,57
"ggaacc",-21.2912669703704,135
"ccccgc",-21.2910303921569,51
"aaaucg",-21.2870439166667,36
"gguguu",-21.28443276,150
"uacauu",-21.2832778,90
"ucaggc",-21.2829100810811,111
"aggacc",-21.2827774736842,114
"aacccc",-21.2821109259259,54
"cugguc",-21.2806671960784,51
"ucuagu",-21.2805164259259,54
"uauaac",-21.280505908046,87
"ccaagc",-21.2803336078431,51
"cgaacc",-21.2801538282828,99
"cgguac",-21.2792186036036,111
"cgugga",-21.2786016444444,45
"uacugc",-21.2784564,75
"ccuguc",-21.277139254902,51
"ucagga",-21.2766365614035,57
"cuccgg",-21.2758578888889,45
"ccccca",-21.2758028888889,45
"ggccuc",-21.2756621256831,183
"guuaca",-21.2741473643411,129
"ucuaaa",-21.2737851555556,45
"uauagg",-21.2717337101449,69
"ucuguu",-21.2715837435897,78
"gugccu",-21.2681360784314,102
"aucuuu",-21.267518744186,129
"ccuagu",-21.2665215238095,42
"ccuguu",-21.2662303787879,66
"uccgau",-21.2656196060606,66
"ugaucu",-21.2654546313131,198
"cgcgac",-21.2649763153153,111
"gcaagg",-21.264812974359,117
"gugaua",-21.2644766666667,81
"uucccc",-21.2637904747475,99
"ccacca",-21.2627551333333,45
"cuacag",-21.2606840909091,33
"gaagca",-21.2578274957265,117
"aagccg",-21.2575556944444,36
"cuaaag",-21.257219,33
"agaccu",-21.2554152222222,81
"gguauc",-21.2554105107034,327
"guaacc",-21.2553328251366,183
"cggacc",-21.254724969697,99
"ccaaga",-21.2541102666667,45
"ucgaaa",-21.2525835111111,45
"aucacc",-21.2512529561404,114
"uaugag",-21.2511286842105,57
"acggca",-21.2506368933333,300
"ccuugu",-21.2493612142857,42
"ucaucg",-21.2470313111111,45
"ugagac",-21.2448384923077,195
"uccggc",-21.2447607387387,111
"uaccgu",-21.2445013030303,66
"ucccuc",-21.2434442072072,111
"ccgcgu",-21.2423372142857,42
"agguga",-21.2416325277778,108
"aaauau",-21.2413655438597,57
"gcgggu",-21.2413427575758,66
"aggcga",-21.2411780833333,60
"aucaua",-21.2409331333333,60
"gguucg",-21.2405274358974,117
"uuuuuu",-21.2403176888889,450
"auuccu",-21.2397210617284,81
"auaagg",-21.2386481166667,60
"aaaugc",-21.2368841851852,54
"ccgucg",-21.2344110909091,33
"agcaua",-21.2316094,60
"ccagag",-21.2312796060606,33
"cauauc",-21.2310123873874,111
"gucaaa",-21.2302342898551,69
"uggugu",-21.2290026031746,126
"cuuaua",-21.2285012666667,45
"guuugu",-21.2283366509434,318
"cuuauc",-21.2280110980392,51
"uuuaug",-21.2263113453815,249
"ucuagg",-21.2257915263158,57
"cggagg",-21.2254121555556,45
"cacugc",-21.2240497936508,63
"gccaua",-21.2227081594203,69
"cccaga",-21.2225731777778,45
"ucgauc",-21.2216574920635,63
"caggcu",-21.2214618846154,78
"cacuug",-21.2201576068376,117
"aucaac",-21.219727025641,78
"ugggca",-21.2191286558266,369
"uaaggg",-21.2182321594203,69
"uggugg",-21.2180046497175,177
"uauauc",-21.2161880666667,75
"uacagu",-21.216116,66
"caguca",-21.2159067017544,57
"cccucg",-21.2143636060606,33
"cacccc",-21.2140353809524,63
"guuagc",-21.2137097851852,135
"gcuagu",-21.2106366363636,66
"auaugc",-21.2093946666667,66
"uuagga",-21.2020539569892,93
"ccuuau",-21.2005644814815,54
"gcccgu",-21.196752,66
"aagggc",-21.1948549117647,102
"aacuau",-21.1947679649123,57
"cucagg",-21.1908998444444,45
"gugaga",-21.1897726049383,81
"uguggg",-21.1893774444444,81
"auuggg",-21.1867899166667,60
"cggcag",-21.1866633939394,33
"aacaca",-21.1863947083333,48
"auguga",-21.1862239871795,156
"uacuca",-21.1851274927536,69
"gugagc",-21.185079183908,87
"gggcca",-21.1848145185185,81
"aaagau",-21.184438754386,57
"augcua",-21.1842059166667,156
"caaaug",-21.1833250940171,117
"cggaag",-21.1831983030303,33
"uucguu",-21.1822330526316,114
"ucgaga",-21.1819587719298,57
"cuaauu",-21.1816974393939,66
"ucgagc",-21.1802896349206,63
"uauuua",-21.1799584637681,69
"aauccg",-21.1797213888889,36
"uucgga",-21.1749406344086,93
"ugauac",-21.1740566051282,195
"gguaua",-21.1729572461059,321
"ccacga",-21.1720193111111,45
"cgcacc",-21.1710448686869,99
"aagaag",-21.1702880833333,36
"ucacgc",-21.1699305396825,63
"uccuaa",-21.1694546888889,45
"uaccuc",-21.169023495935,123
"auaccu",-21.1681071111111,81
"uccugu",-21.1679568703704,54
"cgccag",-21.1666158787879,33
"ugcuag",-21.1655635507246,69
"ggucuc",-21.1650075737705,183
"gcacgg",-21.1634510683761,117
"uuuuug",-21.1633017109005,633
"cgcaag",-21.1631508181818,33
"uacgcu",-21.1627961888889,90
"gcccca",-21.162284884058,69
"agccaa",-21.1600398125,48
"uugucg",-21.1585434883721,129
"uauccg",-21.1579234210526,57
"cgccgg",-21.1557138,45
"ucaguu",-21.155094,78
"gcgagu",-21.1517636969697,66
"gguuau",-21.1514515869565,138
"ucacga",-21.1503608596491,57
"ggcaag",-21.1474974919094,309
"cuucuu",-21.1461037575758,66
"caguaa",-21.1459092666667,45
"gcuaaa",-21.1450027192982,57
"gucauc",-21.1448725862069,87
"ccaucg",-21.1441946666667,33
"ucgagg",-21.1433118070175,57
"uugcuc",-21.1432875435897,195
"gccaaa",-21.1430635789474,57
"gcgggc",-21.1421876504065,123
"gggguc",-21.1418530574713,87
"aaaaca",-21.1413936666667,48
"ccccga",-21.1404822888889,45
"gggaua",-21.1393599753086,81
"aacgau",-21.137841122807,57
"cccuua",-21.1376779333333,45
"uaauaa",-21.1365237017544,57
"uucuua",-21.1346145268817,93
"uguaag",-21.1346071594203,69
"cccagc",-21.1340202745098,51
"agagua",-21.1310078333333,60
"gggaaa",-21.1305047101449,69
"caauug",-21.1294087350427,117
"ccaguu",-21.1291237272727,66
"uucucg",-21.1283577037037,81
"uuccuc",-21.1282971496599,147
"aacuaa",-21.12829625,36
"aacugc",-21.1278271851852,54
"uguaaa",-21.1277880144928,69
"agacaa",-21.1270343958333,48
"gagacc",-21.1263449593496,123
"agcaga",-21.1248547666667,60
"cugccu",-21.1247340454545,66
"cgauac",-21.1244117657658,111
"ucauag",-21.1240949111111,45
"agaaga",-21.1233428833333,60
"ucacgu",-21.1224214074074,54
"ugccac",-21.121507020202,99
"ccguac",-21.1206905495496,111
"uaugcu",-21.1185575444444,90
"agggca",-21.1182934533333,300
"ccaaau",-21.1175965555556,54
"uuaauc",-21.1158714646465,99
"uuaucg",-21.1133797654321,81
"ucaaca",-21.1114458596491,57
"ccuccg",-21.1099775151515,33
"gugcgc",-21.1098012068966,87
"cccgua",-21.1088615111111,45
"uuaaau",-21.1083731372549,102
"accgca",-21.1078902777778,108
"ccaggg",-21.1067888222222,45
"ccuacg",-21.1065123939394,33
"cgggcu",-21.1055007424242,66
"uugaug",-21.1045147313433,201
"uaucga",-21.1028717246377,69
"agcgga",-21.10124015,60
"aucugc",-21.1011904090909,66
"aacccu",-21.1005462173913,69
"ccgaga",-21.1000474222222,45
"agagga",-21.0997282666667,60
"ucccca",-21.0989864561404,57
"ccaauc",-21.0983695686275,51
"uguuug",-21.0974135735736,333
"auaaua",-21.09687425,60
"cgacag",-21.096446969697,33
"uccuuc",-21.0938631904762,63
"gcucau",-21.0936334444444,126
"cgaaag",-21.0929819393939,33
"aauaag",-21.0924537777778,36
"uaaggc",-21.0919818455285,123
"uccggu",-21.0912717222222,54
"caguga",-21.090554952381,105
"auuauc",-21.0893488636364,66
"guauuu",-21.0869870606061,198
"ucaagu",-21.0865613333333,54
"ucggcg",-21.0864263111111,45
"cuacgg",-21.0847616666667,45
"aguuaa",-21.0836733402778,288
"guaccc",-21.0827612296296,135
"aaucga",-21.0827171041667,48
"aaauaa",-21.0825385555556,36
"ucgccg",-21.0797270888889,45
"aacacg",-21.0789,36
"uuugca",-21.0788455268065,429
"ucugcg",-21.0782920444444,45
"cugccg",-21.075829969697,33
"uuacgc",-21.0736545959596,99
"cugacg",-21.0723648787879,33
"ucuccg",-21.0715929555556,45
"cgcagg",-21.0707557333333,45
"cgcaca",-21.0702372666667,45
"uaacgc",-21.0695194266667,75
"uaagcg",-21.0693780526316,57
"agaaua",-21.06772735,60
"gucacc",-21.0661007259259,135
"agaacc",-21.064703745614,114
"uaucag",-21.0609729649123,57
"uaagcu",-21.0608284666667,90
"ggguua",-21.060303345679,81
"uaucaa",-21.0596695263158,57
"auaaga",-21.0595736,60
"ccgcgg",-21.0573442222222,45
"cgaaca",-21.0571895111111,45
"uuauua",-21.0569727741936,93
"uagacu",-21.0567696375661,378
"uucaau",-21.0561052843137,102
"cucccg",-21.0557823939394,33
"auuuag",-21.0550781041667,48
"cuguuc",-21.0548646666667,51
"uacucg",-21.0538249824561,57
"aagaga",-21.053674875,48
"aaugcu",-21.0532858405797,69
"cucacg",-21.0523173939394,33
"cuguuu",-21.0516021315789,114
"ccuuuc",-21.051336745098,51
"ggacca",-21.0509572592593,81
"uuacca",-21.0502442903226,93
"uccgga",-21.0480958596491,57
"ccggcg",-21.0464253939394,33
"uuccca",-21.0447043978495,93
"aaggag",-21.0444740833333,36
"gagauc",-21.0442403066667,75
"cuaaga",-21.0428286666667,45
"aacuag",-21.0422198611111,36
"ugcgcu",-21.0413172647059,102
"aucaga",-21.0412624666667,60
"uccucg",-21.0405407111111,45
"cccaau",-21.0392822777778,54
"ucauua",-21.0391783157895,57
"augcga",-21.0362528888889,108
"uuguuu",-21.035751552381,210
"uaacgg",-21.0324685362319,69
"ucgaua",-21.0316282807018,57
"ugugcg",-21.0307849565217,69
"agcaug",-21.0295210268519,1080
"cucguc",-21.0290921960784,51
"ggacaa",-21.0289985362319,69
"ccagau",-21.0276801666667,54
"caaaau",-21.0271168484848,66
"cccgcg",-21.0263779393939,33
"ccaacc",-21.0258891212121,99
"ggcuuc",-21.024552237037,135
"aaggga",-21.0236437291667,48
"gcgguu",-21.0230485222222,90
"gaacac",-21.0219345747126,87
"auucaa",-21.0215180208333,48
"uaagga",-21.0187285652174,69
"ccaagu",-21.0180356428571,42
"ccgcga",-21.0179564,45
"gccuau",-21.014337025641,78
"ugcaca",-21.0120169259259,81
"cucaga",-21.0112916222222,45
"cuacuu",-21.0089972272727,66
"caggug",-21.0079198550725,69
"auucgg",-21.0078425833333,60
"acaccu",-21.007551,81
"cgccca",-21.0045626222222,45
"gggucc",-21.0031649195402,87
"gcccau",-21.0013470873016,126
"ccaugu",-21.0008753571429,42
"cgcaug",-21.0007091605634,1065
"ccgacc",-21.0004603333333,99
"ugccga",-21.0003715432099,81
"cuaagg",-20.9998036888889,45
"ccucgu",-20.9967778809524,42
"gggcga",-20.992724345679,81
"gugccc",-20.992719045977,87
"acagca",-20.9925217222222,108
"cgacca",-20.9915149111111,45
"ggcacg",-20.9906448705502,309
"guccaa",-20.9892522898551,69
"uuccgc",-20.9871461010101,99
"cguuua",-20.9866334222222,45
"cuaccg",-20.9856134848485,33
"gcggua",-20.9854967536232,69
"agcacc",-20.9831959561403,114
"ucaaga",-20.9824383157895,57
"aacggg",-20.9824115,48
"ccgaua",-20.9823340444444,45
"uacggg",-20.9822683478261,69
"cuaacg",-20.9821484848485,33
"uccuua",-20.9815535614035,57
"gccagc",-20.98013784,75
"uacuuc",-20.9783683333333,75
"uucggg",-20.9769762903226,93
"agaaac",-20.9733344230769,78
"aagagc",-20.9730595925926,54
"gcugcc",-20.9725990666667,75
"uaagag",-20.9724275789474,57
"ccgagg",-20.9723861333333,45
"cagguc",-20.9722531904762,63
"uucgcu",-20.9717509736842,114
"aaaacg",-20.9708867777778,36
"cgcaaa",-20.9698643333333,33
"uaacca",-20.9690557536232,69
"uugcuu",-20.9689051851852,162
"cgaaaa",-20.9676105454545,33
"aaugag",-20.96663975,36
"uuucuc",-20.966191872428,243
"ucucuu",-20.9659652820513,78
"ccauac",-20.9658836846847,111
"uauaga",-20.9650664347826,69
"cuugcu",-20.9648863333333,66
"cgacgg",-20.9646176,45
"gugcga",-20.9644541851852,81
"gcccgc",-20.9643672133333,75
"ucggag",-20.9634897777778,45
"ggguaa",-20.9631867826087,69
"cuacga",-20.9607376444444,45
"aaagcu",-20.9607030289855,69
"uugauu",-20.9586119320988,162
"aacagg",-20.9582809375,48
"cgugua",-20.9578171111111,45
"uacuag",-20.9568744035088,57
"ucgcag",-20.9567906222222,45
"ccagcg",-20.956209,33
"caguug",-20.9555953504274,117
"ucugag",-20.9553555111111,45
"uucacu",-20.9531985,162
"ggugau",-20.9531153550725,138
"aacgcg",-20.9530859722222,36
"ccauua",-20.9527213777778,45
"agcacu",-20.9526596046512,129
"ugcagc",-20.950884908046,87
"uacggc",-20.9496423821138,123
"cccgau",-20.9493660185185,54
"ucucag",-20.9486564,45
"gcucaa",-20.9474348421053,57
"aacuua",-20.945960125,48
"ccgaug",-20.9459320857143,105
"gcccaa",-20.9454956315789,57
"uguaua",-20.9442734320988,81
"uuugcc",-20.9434979457364,387
"cuguua",-20.9433876666667,45
"aagcgc",-20.9421828703704,54
"ucuauu",-20.9420234230769,78
"uucuag",-20.941746617284,81
"gaaaac",-20.9415032758621,87
"uugccu",-20.9413358950617,162
"auugag",-20.939924125,48
"cacaau",-20.9384501060606,66
"cccagu",-20.9384006428571,42
"uaugua",-20.936887,69
"aaauag",-20.9342066388889,36
"gcgucc",-20.9339803866667,75
"agacac",-20.9301973589744,78
"cuccga",-20.9292006444444,45
"cucauu",-20.9289572121212,66
"guucga",-20.9275058062016,129
"uuauag",-20.926768691358,81
"uacguc",-20.92557812,75
"ucagaa",-20.9248799333333,45
"uauacg",-20.9242915964912,57
"ccagua",-20.9239048888889,45
"aaccca",-20.9232651041667,48
"uccguc",-20.9225868095238,63
"ucccga",-20.9218202105263,57
"cccugu",-20.9212403809524,42
"guaaac",-20.9209056598639,147
"gugaaa",-20.9190932753623,69
"uccaca",-20.9181036842105,57
"auaguc",-20.9180205909091,66
"uccuag",-20.9176042888889,45
"ugugcu",-20.9174493823529,102
"ugcuaa",-20.9170406376812,69
"cccacc",-20.9167802424242,99
"gggacc",-20.9165814296296,135
"ggcguu",-20.9162041,150
"cacgcu",-20.9147523333333,78
"gccgag",-20.9146908245614,57
"gguuuc",-20.9146115703704,135
"cuggua",-20.9145712444444,45
"uuucga",-20.9143834497354,189
"cggccg",-20.9115928181818,33
"caggca",-20.9091311885522,297
"uggacc",-20.9088201912568,183
"cggacg",-20.9081276666667,33
"ccauau",-20.9080023148148,54
"ggagaa",-20.9076268115942,69
"ugugaa",-20.9071084347826,69
"cgccaa",-20.907105,33
"cgacaa",-20.9048512121212,33
"aagcag",-20.9047182777778,36
"uuaaca",-20.9034963655914,93
"ccccgg",-20.9026877111111,45
"agccga",-20.9019395,60
"agacga",-20.9004276166667,60
"gcucgu",-20.8997343333333,66
"aaggac",-20.899604754386,114
"ucgcac",-20.8989911866667,75
"ggugcg",-20.8983347521368,117
"uucaca",-20.8979564516129,93
"uuaggg",-20.8963638602151,93
"ggggga",-20.8953426419753,81
"ugggcu",-20.89490486,150
"guuccc",-20.8918698962963,135
"auagac",-20.8918527539683,126
"cgcccg",-20.8915452727273,33
"ucaggg",-20.8890082280702,57
"cugaga",-20.8887658222222,45
"cgcacg",-20.8880802424242,33
"uuguac",-20.8869701207729,207
"auguac",-20.8819263448276,174
"gugauc",-20.8815303103448,87
"ugcacg",-20.8808257246377,69
"cgaagg",-20.8796596,45
"uaaccg",-20.8792222631579,57
"aaacca",-20.8782640833333,48
"cccguu",-20.8763835151515,66
"guuaga",-20.8741398372093,129
"gccgcg",-20.8732358421053,57
"ucccgc",-20.867237952381,63
"gcguau",-20.8648565,78
"uauaaa",-20.8643781578947,57
"caguuu",-20.8642081428571,126
"guaccu",-20.8638215066667,150
"gugacc",-20.8627171851852,135
"ucggcu",-20.8622579230769,78
"uaagaa",-20.8609449298246,57
"aacaaa",-20.8606566388889,36
"uuucgu",-20.860609827957,186
"aacggc",-20.8583051568627,102
"gcaggc",-20.8580235789474,171
"agcaac",-20.8577035769231,78
"gucuuu",-20.8567901733333,150
"cguaga",-20.8562187777778,45
"ugugag",-20.8527087101449,69
"caauaa",-20.8523434444444,45
"aacgaa",-20.8521788055556,36
"ugcagg",-20.8511044567901,81
"ucacuu",-20.8494756282051,78
"aacaga",-20.8491562916667,48
"ucacgg",-20.8490034561404,57
"gggccc",-20.8482702643678,87
"ggugca",-20.8481082146893,177
"cagggg",-20.8480274912281,57
"gccgcc",-20.8473287466667,75
"caauau",-20.8467294393939,66
"aaaaga",-20.8459535208333,48
"ucccgu",-20.845526537037,54
"ggagua",-20.845475308642,81
"aaagcg",-20.8450728333333,36
"guaucu",-20.8431631818182,198
"gcuuau",-20.843094525641,78
"ccuauu",-20.8428418939394,66
"ccgcag",-20.8425544848485,33
"caguac",-20.8422424065041,123
"gcgcgu",-20.8408614090909,66
"gcgauu",-20.8407014222222,90
"uuagaa",-20.839369,81
"ccgaag",-20.8390893333333,33
"gccaag",-20.8377254035088,57
"aaccgg",-20.8363695416667,48
"uccggg",-20.8362306491228,57
"ggggcc",-20.8349713908046,87
"guucuc",-20.8332062568306,183
"ucaagc",-20.8322606507936,63
"cccuau",-20.829688037037,54
"accacu",-20.828760875969,129
"uauaag",-20.8273410877193,57
"aaucag",-20.8268839444444,36
"uucgaa",-20.8266778518519,81
"caagga",-20.8264076666667,57
"ucaauu",-20.8255337435897,78
"uuaagc",-20.8250644040404,99
"ccccag",-20.8225069090909,33
"aggacu",-20.8218729501558,321
"cgaccg",-20.8213763939394,33
"uaaaca",-20.8205441304348,69
"aaaguc",-20.8192875185185,54
"aacgga",-20.8191251875,48
"cccaag",-20.8190418787879,33
"cacuaa",-20.8179288888889,45
"cgaacg",-20.8179112424242,33
"cccagg",-20.8177296888889,45
"ccgguc",-20.8172473137255,51
"guuuau",-20.8159795969697,330
"aaagga",-20.8159223958333,48
"aaaaaa",-20.8148989444444,36
"agccac",-20.8145665,78
"aguuac",-20.8144906338798,366
"aacccg",-20.8133301111111,36
"uauuuu",-20.8123657246377,138
"acuuug",-20.8115640224359,312
"uuacgu",-20.8114649777778,90
"cuagcu",-20.8105063787879,66
"uccagu",-20.8096663518519,54
"uacccu",-20.8095815333333,90
"cugcga",-20.8066748444444,45
"ugugua",-20.806625617284,81
"aaagaa",-20.8064211111111,36
"acuacu",-20.8039336744186,129
"cucuuc",-20.803289627451,51
"uugcac",-20.8025400314465,159
"cagcgc",-20.8018283809524,63
"gcgaua",-20.8016047536232,69
"auugga",-20.7978184666667,60
"uaccgg",-20.7965047826087,69
"gccacg",-20.7962704385965,57
"ucccgg",-20.7962258596491,57
"uccguu",-20.7924207948718,78
"acuuac",-20.791911984127,126
"uguaga",-20.790575382716,81
"ggcgag",-20.7894024615385,117
"uaaagc",-20.7867170266667,75
"aaauuc",-20.7857968333333,54
"uaaagg",-20.785718173913,69
"aaagac",-20.7835330964912,114
"ucgacg",-20.7823932222222,45
"uaacag",-20.7822717894737,57
"uuaacu",-20.7806926419753,162
"ucacaa",-20.7757472666667,45
"aagcga",-20.7751549375,48
"cagaca",-20.7746649649123,57
"ucuacg",-20.7742589111111,45
"cgucga",-20.7741277777778,45
"cacgga",-20.7730356842105,57
"guacaa",-20.772373982906,117
"aaaggc",-20.7705994705882,102
"aaaggg",-20.7704900833333,48
"gguuua",-20.7702173953488,129
"cucccu",-20.7696338636364,66
"cugauc",-20.7681191372549,51
"auacac",-20.7673308205128,78
"aucggg",-20.7664506,60
"aucuag",-20.7664320833333,48
"uauccu",-20.7653429333333,90
"uuugua",-20.7649630682415,381
"ccuauc",-20.7645911372549,51
"ggcuua",-20.7625379534884,129
"caacgc",-20.7623992380952,63
"uuccgu",-20.7620534555556,90
"uaacga",-20.7616976521739,69
"cacguc",-20.7608711428571,63
"aucgac",-20.7593071428571,126
"auacgc",-20.7581688484848,66
"cacuau",-20.7580626818182,66
"auucag",-20.757465125,48
"uuuaga",-20.7567381322751,189
"cuccuu",-20.7562569242424,66
"uccaga",-20.7538976666667,57
"uuaagu",-20.7528686,90
"ccacag",-20.752338,33
"ucagca",-20.7505324857143,105
"cgcgcu",-20.7504005454545,66
"gguguc",-20.7492998962963,135
"ccaaag",-20.7488729393939,33
"ccacgu",-20.7482919761905,42
"aaaagg",-20.7463595208333,48
"ggucaa",-20.7447597521368,117
"uuuagu",-20.7414710322581,186
"aaauua",-20.7397948333333,48
"uucagc",-20.7385558484848,99
"aucgaa",-20.7378017291667,48
"auauuc",-20.7332921666667,66
"uuguag",-20.7326903488372,129
"augcuc",-20.7320930864198,162
"uugcaa",-20.731577751938,129
"auagaa",-20.7295751458333,48
"aucuaa",-20.7285652916667,48
"acgacu",-20.728248529595,321
"uuagac",-20.727238836478,159
"aacaag",-20.7260625277778,36
"auauaa",-20.7203386666667,48
"cacggg",-20.717390877193,57
"caccug",-20.7170452173913,69
"aacgua",-20.7167065625,48
"agaacu",-20.715774372093,129
"aaaauc",-20.7138944259259,54
"caauac",-20.7117768455285,123
"ccacgg",-20.7115915333333,45
"auauag",-20.7115138958333,48
"gcggaa",-20.7097329473684,57
"uaaccu",-20.7076138222222,90
"cagaaa",-20.7061574,45
"ccaauu",-20.7057353636364,66
"aaaccg",-20.705317,36
"uucagu",-20.7034570333333,90
"ugcaag",-20.7027494782609,69
"uacuaa",-20.7013228245614,57
"cagcca",-20.7008445789474,57
"gguaca",-20.6993720716511,321
"ggcuga",-20.6990446836158,177
"aagacu",-20.694773171521,309
"cagagc",-20.6946043650794,63
"uugauc",-20.6923311496599,147
"gguuaa",-20.6917136410256,117
"uuuauc",-20.6909086717949,195
"uuucug",-20.6893552238806,201
"ggaaac",-20.6889656060606,99
"gccgca",-20.6861874615385,117
"caauuc",-20.6854760952381,63
"caggga",-20.6848441754386,57
"uuagcu",-20.6826671052632,114
"ugcggg",-20.6811855802469,81
"uugaac",-20.6806417232704,159
"ggucac",-20.6792263197279,147
"gcccag",-20.6784979649123,57
"gugcaa",-20.6781112318841,69
"uaauuu",-20.6773759637681,138
"aauccu",-20.6767402753623,69
"aucuua",-20.67398105,60
"uacgcg",-20.6734964912281,57
"cauuca",-20.6714861333333,105
"ccucuu",-20.6701417121212,66
"ccccgu",-20.6686571190476,42
"uccgaa",-20.6685849333333,45
"uccgca",-20.6651095238095,105
"aucgua",-20.6636377166667,60
"ucgaag",-20.6594566666667,45
"caaagc",-20.6551752380952,63
"gcugag",-20.6546840877193,57
"ggggcu",-20.6518445392157,102
"ucuaag",-20.6513224444444,45
"aucgag",-20.6512781875,48
"auccgc",-20.6499646969697,66
"aacgac",-20.6480213859649,114
"uugaaa",-20.6463479534884,129
"uaaacg",-20.6455905087719,57
"cgagga",-20.6445019333333,45
"ucacac",-20.6432660533333,75
"uggggu",-20.6430720952381,126
"uaagac",-20.6415488222222,135
"ucggac",-20.6399947560976,123
"uaccgc",-20.6382820133333,75
"aacaua",-20.6381186458333,48
"ucgaac",-20.6379003733333,75
"uacgga",-20.6375691594203,69
"guuucu",-20.637253825641,390
"gccccg",-20.6370429824561,57
"auccac",-20.6364513846154,78
"agggac",-20.6357756587302,126
"cagcaa",-20.6323027555556,45
"cuuugg",-20.6320680094967,1053
"gagcac",-20.6300935287356,87
"auuuug",-20.6292005673077,312
"aagaac",-20.6291716212121,66
"gguccc",-20.6290853555556,135
"ccaagg",-20.6266335777778,45
"ucagua",-20.6250890175439,57
"aaacgg",-20.6244481458333,48
"uaaaga",-20.6238923043478,69
"uaacac",-20.6236471724138,87
"caaauu",-20.6230877307692,78
"uuacuu",-20.6216093157895,114
"uugcgc",-20.6213778979592,147
"caaacc",-20.6195997657658,111
"caccgc",-20.6181926825397,63
"aaaaag",-20.6180493888889,36
"auaggg",-20.6177867833333,60
"uaccca",-20.6169735362319,69
"gguuca",-20.6158015891473,129
"ggucca",-20.6154925891473,129
"ucagcg",-20.6134786666667,45
"uucgac",-20.6132538867925,159
"gcugcg",-20.6132290701754,57
"cgcgga",-20.6129649333333,45
"gcgcuu",-20.6119400666667,90
"uucgua",-20.6118014301075,93
"gcuccc",-20.6113969733333,75
"aucauc",-20.6109251969697,66
"cgguga",-20.6075919139785,93
"ucaccg",-20.6067795777778,45
"ucguuu",-20.6055737142857,126
"gugucu",-20.6028216466667,150
"uuucgg",-20.6025416931217,189
"aacgag",-20.6002486388889,36
"ugcgcg",-20.5989271884058,69
"gaagac",-20.598824562963,135
"ggcgcg",-20.5971041965812,117
"auagag",-20.5963600208333,48
"auuugg",-20.5957541535581,1068
"caaggg",-20.5949998421053,57
"ccggcu",-20.5948180757576,66
"gcuuuc",-20.5947614133333,75
"auuguc",-20.5936107272727,66
"aaaagc",-20.5929896851852,54
"ccguuc",-20.591444745098,51
"gggccu",-20.5913910098039,102
"cagagu",-20.5909894259259,54
"ucgccu",-20.5897977179487,78
"gcaggu",-20.5890815263158,114
"ugugga",-20.5885607530864,81
"auccgg",-20.5875032666667,60
"cagacc",-20.5866831351351,111
"auuuac",-20.5843729761905,126
"aaaccu",-20.5841574492754,69
"ggggua",-20.5835635555556,81
"uaagca",-20.5787214188034,117
"aagcac",-20.5782818484848,66
"gcuaag",-20.5777186140351,57
"gcaagu",-20.5770898157895,114
"uacgag",-20.5765459649123,57
"uuaauu",-20.5759540701754,114
"ugcgca",-20.5756644186047,129
"gcaagc",-20.5734771869919,123
"aaccga",-20.5706363541667,48
"cccaua",-20.5706183777778,45
"ccgccg",-20.5674838181818,33
"uccgua",-20.5674643157895,57
"aaacga",-20.5674336666667,48
"cgcuac",-20.5673365280528,303
"cagugu",-20.5667631111111,54
"uucauc",-20.5662767676768,99
"gccguu",-20.5661616666667,90
"guucac",-20.565706170068,147
"cccguc",-20.5656723333333,51
"aaggca",-20.5651151215278,288
"aacacu",-20.5650730854701,117
"ccgacg",-20.5640187575758,33
"caacug",-20.5628211594203,69
"aaacgc",-20.5621129259259,54
"gagcau",-20.5606079779874,318
"ggagcu",-20.5593990490196,102
"gcgaaa",-20.5586605263158,57
"uaacaa",-20.5583415789474,57
"gccuuc",-20.5560871466667,75
"uacagg",-20.5497544492754,69
"gagaac",-20.5496622758621,87
"ucaagg",-20.5492001578947,57
"uaaaag",-20.5486399824561,57
"cggccu",-20.5485992121212,66
"cccccg",-20.5474364242424,33
"cccacg",-20.5439713333333,33
"uccauc",-20.5431896349206,63
"ggcauu",-20.5420578441441,1110
"gggcaa",-20.540326942029,69
"ugcuua",-20.5395769259259,81
"auucga",-20.5369136166667,60
"gcuacg",-20.5362636491228,57
"aaccaa",-20.5343811111111,36
"uuagua",-20.5341596129032,93
"uugcug",-20.5333592287582,153
"ccacuu",-20.5330352121212,66
"cucuua",-20.531672,45
"auauua",-20.5299220833333,60
"uccagc",-20.5295682063492,63
"acaacu",-20.5274440155039,129
"ucaaaa",-20.5269779555556,45
"ucagac",-20.5210173821138,123
"auagua",-20.5195787666667,60
"ucccaa",-20.5194523111111,45
"cucauc",-20.5165441568627,51
"caguag",-20.5116793111111,45
"gcacgc",-20.5110793170732,123
"cacagc",-20.5109686666667,63
"gcagug",-20.5107737054264,129
"aaagua",-20.5105411666667,48
"cacacc",-20.5076644504504,111
"uggauc",-20.5071002888889,135
"uuacac",-20.5053981981982,111
"guacac",-20.503672537415,147
"cucgua",-20.5028555777778,45
"uuacga",-20.5025503763441,93
"gucaac",-20.5009237171717,99
"ggaccu",-20.4989455098039,102
"caagcu",-20.4989204615385,78
"ggugua",-20.4978937674419,129
"uccagg",-20.4964225789474,57
"gcacug",-20.495875255814,129
"gcgagc",-20.4934573466667,75
"aaagag",-20.4922355277778,36
"ucagag",-20.4905422222222,45
"cgggga",-20.4904392,45
"aaacaa",-20.4886234166667,36
"ggagca",-20.4870603875969,129
"ccguuu",-20.4868331929825,114
"ucccuu",-20.486802474359,78
"cacuag",-20.4861613333333,45
"gccccc",-20.4861266666667,75
"aggcua",-20.484593962963,108
"uggacu",-20.4844535846154,390
"aacagc",-20.4839327777778,54
"ucacag",-20.4838430444444,45
"uacccg",-20.4833407017544,57
"gcuguu",-20.4811132444444,90
"ugcaaa",-20.479540173913,69
"uugagc",-20.4780226598639,147
"gcgcgc",-20.4776866666667,75
"ccaccg",-20.4772674848485,33
"uuccga",-20.4754371935484,93
"ccaacg",-20.4738023333333,33
"aagacc",-20.4719921568627,102
"caauag",-20.4707716,45
"acgcuc",-20.4697261754386,114
"auccag",-20.468819125,48
"uacaca",-20.468461884058,69
"ggcaua",-20.4680867695133,1089
"uucgcg",-20.4675132716049,81
"uacauc",-20.46722572,75
"gguucc",-20.4668048148148,135
"uauaua",-20.4664895797101,69
"gcaaca",-20.4662473846154,117
"uuccuu",-20.465616122807,114
"uccauu",-20.462860525641,78
"caaauc",-20.4626738095238,63
"caacuu",-20.4609003974359,78
"aaccag",-20.4604927777778,36
"cauaca",-20.4543350666667,105
"aaccgc",-20.4530560740741,54
"cccauu",-20.4529950909091,66
"uuagcg",-20.4525352839506,81
"guuaac",-20.4507779795918,147
"uguacc",-20.4479402324159,327
"agagac",-20.4476282301587,126
"uuauac",-20.4453048238994,159
"uugcgu",-20.4423743043478,138
"auacgg",-20.4388394833333,60
"gccaau",-20.4376905512821,78
"aagcua",-20.43611875,96
"aauguc",-20.4336658148148,54
"ugcaac",-20.4327019494949,99
"ggaucu",-20.4322314866667,150
"aaaaua",-20.4319533958333,48
"uugagu",-20.4297911594203,138
"gaaacu",-20.4293356449275,138
"uggaca",-20.4270677829457,129
"gucgac",-20.426988877551,147
"uacgaa",-20.4257441403509,57
"gcagua",-20.4242875726496,117
"auccaa",-20.4218112291667,48
"guucaa",-20.4215551794872,117
"ugcgag",-20.4208509565217,69
"ggcauc",-20.4204522091324,1095
"uucauu",-20.4199609385965,114
"cguaua",-20.4195739777778,45
"ggggaa",-20.4189552028986,69
"gcucag",-20.4184911754386,57
"guccac",-20.4176857373737,99
"auacag",-20.413900875,48
"auacaa",-20.4135845416667,48
"caaaaa",-20.4125916444444,45
"gccacc",-20.4092843902439,123
"auuuuc",-20.4088824090909,66
"cuuccu",-20.4079848030303,66
"uccgcg",-20.4069881333333,45
"uuuccc",-20.406754374359,195
"uuuagg",-20.4051228835979,189
"ugcacu",-20.4043093533333,150
"uuccac",-20.4006102792793,111
"ggugaa",-20.400552991453,117
"uccccg",-20.4002890222222,45
"aauuuc",-20.4001751481481,54
"uuuugu",-20.3996571099476,1146
"uaaaac",-20.3992932068966,87
"uuauuu",-20.3983087901235,162
"auagga",-20.3953829666667,60
"gcccua",-20.3948053333333,117
"uggucc",-20.3903145259259,135
"ggugac",-20.3898097571059,387
"agcgca",-20.388941037037,108
"cgugcu",-20.3887514848485,66
"uacgca",-20.3886138119658,117
"cacauu",-20.388422448718,78
"uaccag",-20.386390122807,57
"ccaaua",-20.3856618444444,45
"uuucuu",-20.3850156428571,210
"ggugcc",-20.384237037037,135
"gccauu",-20.3838145777778,90
"aagguc",-20.3827368888889,54
"ucaaac",-20.3821752933333,75
"aauuug",-20.3805544766667,300
"uaccga",-20.3805382753623,69
"cacaaa",-20.3781769555556,45
"aucgga",-20.3770718166667,60
"gcuccg",-20.377036122807,57
"cugaua",-20.3763281555556,45
"uacuuu",-20.3743777971014,138
"ugguuc",-20.3741065037037,135
"ugguca",-20.3740451627907,129
"cccgca",-20.3725547204301,93
"acgcau",-20.3704960194175,309
"uuuguu",-20.3673722562189,402
"caucca",-20.3665506095238,105
"uuaaga",-20.363745827957,93
"uaaaaa",-20.3630503508772,57
"ggacac",-20.3623487474747,99
"gcgcaa",-20.3610926140351,57
"aaaaac",-20.3598180606061,66
"cagcgu",-20.3579960925926,54
"uacagc",-20.3554795733333,75
"gcaaua",-20.354686034188,117
"uauucu",-20.3546707753623,138
"aaacag",-20.3524797222222,36
"ggcguc",-20.3520863925926,135
"gcagaa",-20.3519101428571,105
"agagca",-20.3505325,108
"aaguuc",-20.3492462592593,54
"aagucu",-20.3491697435897,117
"guuaaa",-20.3488436324786,117
"cauagu",-20.348311745098,102
"ucccac",-20.3481095066667,75
"cuauua",-20.3467154222222,45
"ccagca",-20.3441865483871,93
"gcacgu",-20.3401451403509,114
"cccuuc",-20.339869745098,51
"caacaa",-20.3387369777778,45
"aauacu",-20.3378685641026,117
"uguacu",-20.33781054,150
"uucaga",-20.3366327311828,93
"auucua",-20.3365554733333,300
"gcggcc",-20.33207972,75
"uacgac",-20.3311631259259,135
"aaaacc",-20.3309528823529,102
"uuccgg",-20.3303486774194,93
"aauauc",-20.3282727777778,54
"cgcgca",-20.3264194086021,93
"gcauag",-20.3245577003367,297
"agcgac",-20.3245222936508,126
"aaucua",-20.3187817673611,288
"cuagua",-20.3178990222222,45
"gcaaaa",-20.3131867333333,105
"gaggac",-20.312636837037,135
"cauugu",-20.3124477058824,102
"ucaacg",-20.3094455333333,45
"aguuug",-20.3094162272727,1320
"aaacac",-20.3089283484848,66
"uaauua",-20.3074284202899,69
"uaaucu",-20.3071618985507,138
"gcacca",-20.3069497948718,117
"caggcg",-20.3060544444444,45
"ccgauc",-20.304699254902,51
"caccaa",-20.3043222888889,45
"aaaacu",-20.3033533076923,117
"uuaaac",-20.2989202522523,111
"gauacu",-20.2989142898551,138
"gcuauu",-20.2987661333333,90
"cgagca",-20.2980512258065,93
"acucuc",-20.2972810350877,114
"gcgcua",-20.2919265384615,117
"uccgac",-20.2882621869919,123
"gcgaau",-20.288209974359,78
"uucuuu",-20.2869798580247,162
"cccuac",-20.2845844818482,303
"uccgag",-20.2840516,45
"uauuug",-20.2826144859813,321
"ugcaga",-20.2820819135802,81
"uucgag",-20.2809020617284,81
"cacgcg",-20.2805363777778,45
"ccccuu",-20.2802949848485,66
"uuuauu",-20.2798211428571,210
"uucccu",-20.2778212192982,114
"ucccag",-20.2773524666667,45
"aagauc",-20.2773437407407,54
"uggcgu",-20.2758174968553,318
"guggac",-20.2746680884354,147
"uccaaa",-20.2706829555556,45
"gcguuu",-20.2678279492754,138
"cagcug",-20.2666671014493,69
"gcuaau",-20.2664480897436,78
"uuagag",-20.2659241358025,81
"caagcg",-20.2651465777778,45
"cguuug",-20.2644247407407,297
"cuuuuu",-20.2595154912281,114
"ugcgaa",-20.2588605797101,69
"gugaac",-20.255084020202,99
"gguacu",-20.2540063384615,390
"cuaccu",-20.2536047878788,66
"uuacgg",-20.2497361182796,93
"uacacg",-20.2497089298246,57
"cagaug",-20.2462738547009,117
"uacaga",-20.2427329710145,69
"cggacu",-20.2415556372549,306
"aacacc",-20.240473754902,102
"cccgcu",-20.2397179242424,66
"uuucac",-20.2394408357488,207
"ucaaua",-20.2394222807018,57
"cgagcu",-20.2343714848485,66
"gcaucg",-20.2322648787879,297
"cauauu",-20.2294218095238,126
"caaagu",-20.2277744814815,54
"gccgau",-20.2275895897436,78
"caccuu",-20.2262351153846,78
"cagacu",-20.2244522578616,318
"aacaac",-20.2241181969697,66
"cgaaga",-20.2221191333333,45
"uugaua",-20.2205924184397,141
"gcagca",-20.2175471878788,165
"ucuuug",-20.2168549579288,309
"uaccac",-20.2166365632184,87
"uguuac",-20.2141363877551,147
"gggaac",-20.2122867575758,99
"uagcua",-20.2121659333333,165
"gggucu",-20.2062306266667,150
"caaugu",-20.2035483148148,54
"caauca",-20.2023762105263,57
"cauaug",-20.1995156181818,165
"cauaga",-20.1951087714286,105
"uuuaua",-20.1941523386243,189
"uucaac",-20.1941324504505,111
"cgcccu",-20.1934989545455,66
"uuucca",-20.1931597301587,189
"uugcga",-20.1929712695035,141
"cgcaga",-20.1905821111111,45
"uuuuga",-20.188054197995,1197
"ucaaag",-20.1865091555556,45
"ccgcua",-20.1863732365591,93
"cacuca",-20.1842027719298,57
"uccaua",-20.1817975438596,57
"gccgcu",-20.1787399111111,90
"uccgcu",-20.1782865897436,78
"ucgcua",-20.1768494285714,105
"caucgu",-20.1758485196078,102
"ccgcau",-20.1733193367347,294
"aaccac",-20.1732284393939,66
"gugcac",-20.1718459393939,99
"gcuaac",-20.1638635747126,87
"gcccuu",-20.1550531111111,90
"uacaag",-20.1527583508772,57
"aauucu",-20.1498570598291,117
"cagcau",-20.1495138464052,306
"uacacu",-20.1450867898551,138
"gcacaa",-20.1441056571429,105
"cgacga",-20.1400282222222,45
"uuuucc",-20.1380238966408,387
"cacagu",-20.1357799814815,54
"uauacu",-20.1355086086957,138
"auacga",-20.1344781833333,60
"cgguua",-20.1344602888889,45
"guauac",-20.1337006974359,195
"agucua",-20.1328137126437,348
"gcucac",-20.1308270574713,87
"acguac",-20.1295157301587,126
"uuuugc",-20.1269637333333,1155
"uugaga",-20.1265059574468,141
"uuugaa",-20.1246184932249,369
"cagccu",-20.1242191282051,78
"uaccaa",-20.1231407192982,57
"uuuuau",-20.1225827564103,390
"uuuuca",-20.1225771706037,381
"auccga",-20.1161669666667,60
"aucguc",-20.1151870606061,66
"uaaacu",-20.1148876304348,138
"cacugu",-20.1115537777778,54
"uucagg",-20.1107140430108,93
"cgccga",-20.1084910888889,45
"cgggua",-20.1056438444444,45
"ugcaua",-20.1034177283951,81
"uccacg",-20.1029550444444,45
"caucga",-20.1002887238095,105
"ccgacu",-20.0995950555556,306
"uugccg",-20.0990785736434,129
"gcguuc",-20.0927135466667,75
"gcggag",-20.0915018245614,57
"gcgacc",-20.0897801707317,123
"caucuu",-20.0892613174603,126
"uccaac",-20.0870186533333,75
"caucuc",-20.0869143207547,159
"aaaucu",-20.0836278205128,117
"ugcgga",-20.0800672222222,81
"gcggau",-20.0781090897436,78
"gcucuu",-20.0700046888889,90
"cggaga",-20.0680563333333,45
"uacuua",-20.0674605942029,69
"uaagua",-20.064356942029,69
"gcugau",-20.0563471153846,78
"acccuc",-20.0546119912281,114
"cccauc",-20.0531243137255,51
"cuauuu",-20.0523044649123,114
"agacuc",-20.0508869180633,1074
"gcggcg",-20.0500467192982,57
"gagcuc",-20.0481275691057,123
"uuuaac",-20.0471451690821,207
"uuacaa",-20.0422446790123,81
"ccgccu",-20.0379165,66
"gcgcau",-20.0370345031447,318
"gguccu",-20.03419112,150
"uauacc",-20.033198784127,315
"cagaag",-20.0331134222222,45
"uuuaca",-20.0316058042328,189
"uuaagg",-20.0301015483871,93
"uuccaa",-20.0295534814815,81
"caguuc",-20.0249446666667,63
"ucugcu",-20.0215683076923,78
"aagcau",-20.0209453872054,297
"uuuucg",-20.0179510460705,369
"ugggug",-20.0160534255319,141
"gcgaag",-20.0145363859649,57
"cagcag",-20.0078233333333,45
"cacaag",-20.0075953333333,45
"caggua",-19.997702754386,57
"uugacg",-19.9969076899225,129
"ggacuc",-19.9967972876712,1095
"uuuacc",-19.9960697057471,435
"caacgu",-19.9947811666667,54
"uacaac",-19.9922826206897,87
"caaaag",-19.9922056,45
"uuaccu",-19.9887373596491,114
"cggcga",-19.9859652888889,45
"ggcugu",-19.9855466349206,126
"uugucu",-19.9849963571429,210
"ggcugc",-19.9825461777778,135
"caccag",-19.9823053111111,45
"uccaag",-19.9800186,45
"gcaucc",-19.9769649904762,315
"gaucuc",-19.9753383577236,123
"aguuuc",-19.9747184003724,1074
"gcgacg",-19.9730813684211,57
"gcgccc",-19.97087752,75
"caauuu",-19.9690999047619,126
"ucgacu",-19.9682061194969,318
"caacag",-19.9669156,45
"ugcgua",-19.9657698518519,81
"cucaua",-19.9646125333333,45
"guccuc",-19.9608167555556,135
"ggccgu",-19.9603568015873,126
"ggcgua",-19.9594716511628,129
"uuuuag",-19.9587809539295,369
"uuugug",-19.9519645750636,393
"auccua",-19.9448191851852,108
"gcauuc",-19.9405311047619,315
"cauuuu",-19.9346895977011,174
"aucuuc",-19.9304587424242,66
"uacaaa",-19.9278494385965,57
"cacgca",-19.9273510095238,105
"gguucu",-19.9244841161616,198
"caagca",-19.9176823904762,105
"agccua",-19.915941287037,108
"gcggcu",-19.9104429,90
"ucuuac",-19.909067699187,123
"aaccua",-19.9061492916667,96
"uccccu",-19.9058264487179,78
"cucuuu",-19.9037700877193,114
"caccgu",-19.9027867592593,54
"ggaacu",-19.9026049866667,150
"ggcggc",-19.9023069125683,183
"gugcuc",-19.9015318074074,135
"uuuuac",-19.8977729552573,447
"cgacuc",-19.8906785070822,1059
"ucagcu",-19.890462525641,78
"uuuacu",-19.8857411705426,258
"gggcac",-19.8856698585859,99
"gcuucu",-19.8809604637681,138
"ccugcu",-19.8780688939394,66
"ugggcc",-19.8769348296296,135
"uuaaaa",-19.862839037037,81
"ggugcu",-19.8626493733333,150
"aacguc",-19.8612392222222,54
"gcgcag",-19.8553089649123,57
"uucaaa",-19.8501478518519,81
"guuuga",-19.8490543550135,369
"cgcacu",-19.8487069736842,114
"ggcuau",-19.8458311666667,138
"gcuguc",-19.8439217866667,75
"uuugau",-19.8381520666667,390
"cguccu",-19.8318499090909,66
"uuuaau",-19.831052540404,198
"aacuuc",-19.8277485185185,54
"uacgua",-19.8243891304348,69
"cacuuu",-19.8218304047619,126
"cacccu",-19.8175095769231,78
"gcgccg",-19.8138538947368,57
"cacuuc",-19.8135626190476,63
"aacucu",-19.81000354039,1077
"auauac",-19.8078961746032,126
"gccguc",-19.8052475733333,75
"ccccua",-19.8041526021505,93
"cagauc",-19.8021424603175,63
"uggucu",-19.8015029292929,198
"gcgucu",-19.797019673913,138
"gccccu",-19.7963685888889,90
"cacuac",-19.7871838031746,315
"uggaac",-19.7858536598639,147
"cuuuug",-19.7808645218855,297
"gcacua",-19.7808292606061,165
"cuaaua",-19.7796559111111,45
"uggguc",-19.7779829851852,135
"uacucu",-19.7764349790528,1098
"caaaca",-19.7611344385965,57
"ggccgc",-19.7598091259259,135
"acauac",-19.7597497936508,126
"uggacg",-19.7580458034188,117
"aacauc",-19.7558461666667,54
"uuuuaa",-19.7513787913279,369
"uucccg",-19.7495185925926,81
"caucug",-19.7494486666667,117
"ucuccu",-19.7491081538462,78
"ucuuuu",-19.7439371984127,126
"cacaca",-19.7429609824561,57
"uuaccg",-19.7345406666667,81
"uggaaa",-19.7276308632479,117
"cauagg",-19.7272466666667,105
"ugcgac",-19.7244265986395,147
"ccagcu",-19.7236888333333,66
"cgcuua",-19.7227446666667,45
"uucaua",-19.7174322043011,93
"gcuuuu",-19.7163875869565,138
"gauuac",-19.7156580666667,135
"gcucua",-19.7136178087279,1077
"agguac",-19.7081933730159,126
"uauuac",-19.7074714592593,135
"uggaag",-19.7040878547009,117
"caucgg",-19.7040190666667,105
"aacgca",-19.6959298958333,96
"cacacu",-19.6948013571429,126
"ccuuuu",-19.6947465263158,114
"cgcgua",-19.6939282222222,45
"caacca",-19.6873140877193,57
"uuggac",-19.6871487192982,399
"aggucu",-19.6828410775194,129
"cccccu",-19.6828163787879,66
"uuggau",-19.681985251462,342
"cagcgg",-19.6793730350877,57
"cgaccu",-19.6774699242424,66
"guguac",-19.6760819659864,147
"aguuua",-19.6758098249064,1068
"uugcag",-19.6732254108527,129
"caccca",-19.6691406491228,57
"uggucg",-19.6686848290598,117
"guacuc",-19.668424728,375
"gccuuu",-19.6644257536232,138
"uggggc",-19.664212557377,183
"cacgua",-19.664124754386,57
"cguacu",-19.6626617368421,114
"caaaga",-19.6582628947368,57
"cauacu",-19.6542707413793,174
"cauccu",-19.6539253333333,126
"aaagca",-19.652063875,96
"gcuauc",-19.64915436,75
"uuaaua",-19.6397904301075,93
"cagagg",-19.6342728070175,57
"cacucu",-19.6332702366483,1086
"ugguaa",-19.6233413760684,117
"cauuua",-19.6193534285714,105
"ucaccu",-19.6180024230769,78
"ugguag",-19.6147268717949,117
"cugcuc",-19.6141157676768,99
"uuggaa",-19.6118977694704,321
"gccauc",-19.6104801066667,75
"cacaga",-19.6048909298246,57
"gguacc",-19.6027132786596,567
"uaaaua",-19.5939595652174,69
"cgaacu",-19.5938971140351,114
"ggccga",-19.5935391317829,129
"cacauc",-19.5907603968254,63
"uugcgg",-19.5820610141844,141
"cauucu",-19.5782425977011,174
"gaacuc",-19.5770218952381,315
"caacga",-19.5714822807018,57
"uugaag",-19.5710544806202,129
"uuugcu",-19.5679232885572,402
"cggaua",-19.5674007777778,45
"uuccag",-19.5629073950617,81
"auacua",-19.5592802037037,108
"ucauuu",-19.5561655952381,126
"ucccua",-19.5534239904762,105
"caccgg",-19.5487364736842,57
"uuacag",-19.5479295432099,81
"caagua",-19.5465807192982,57
"uucacg",-19.543132654321,81
"gcugcu",-19.5425945555556,90
"guacua",-19.5382778700565,177
"cgauua",-19.5377881777778,45
"cccacu",-19.535969877193,114
"gagacu",-19.5336366424242,330
"uuaacg",-19.5281547160494,81
"gcgccu",-19.5280715111111,90
"uggugc",-19.5252176518519,135
"gcauau",-19.5226892641509,318
"agacua",-19.5193896944444,108
"caccga",-19.5181103157895,57
"cagaga",-19.5166993859649,57
"cgagua",-19.5089718222222,45
"uuucaa",-19.5057326892655,177
"acacuc",-19.503798124183,306
"cacagg",-19.5036362631579,57
"guuugc",-19.500160587156,327
"gccaac",-19.4879575517241,87
"ccauuu",-19.4875355701754,114
"gagcua",-19.4872423589744,117
"caaacu",-19.4771404603175,126
"uccacu",-19.4703090873016,126
"gccgac",-19.4687164444444,135
"cagucu",-19.4647528333333,126
"gguuac",-19.4645802,195
"uugagg",-19.462282141844,141
"uggcuc",-19.4616173786667,375
"aaacua",-19.4593722083333,96
"gcccac",-19.4549210229885,87
"uguucu",-19.4528059866667,150
"acgucu",-19.449540503876,129
"ccuuug",-19.4412909057239,297
"uggaua",-19.4382752403101,129
"cuucuc",-19.4314914343434,99
"cagcga",-19.429918754386,57
"agcucu",-19.4297324953271,321
"uggagc",-19.4294146962963,135
"ugguga",-19.4284697344633,177
"caacgg",-19.4263453684211,57
"gcacau",-19.4257129252874,174
"acuucu",-19.4170272790698,129
"cauaua",-19.4043031333333,105
"ggcccc",-19.404040637037,135
"guccua",-19.4018305193798,129
"caaccu",-19.4016777820513,78
"gugcua",-19.4003220310078,129
"ggcucc",-19.3989392296296,135
"ccucua",-19.394490351377,1053
"ucuacu",-19.3944016904762,126
"ggagac",-19.3923262857143,147
"ugguua",-19.3835426356589,129
"caaagg",-19.3812451929825,57
"aagcuc",-19.3800700588235,102
"cagucg",-19.3735881777778,45
"cauucg",-19.3730559677419,93
"ggcuca",-19.3690223953488,129
"ugcucu",-19.3673326842105,342
"ucguac",-19.3662015365854,123
"caaucu",-19.3613506349206,126
"agaucu",-19.3608036666667,129
"ccacua",-19.3598762795699,93
"uucaag",-19.3565214938272,81
"agauac",-19.3545313015873,126
"uacaua",-19.3539917826087,69
"ccuacu",-19.349924622807,114
"ccgcuc",-19.3485188080808,99
"cacucg",-19.3480702,45
"uuuccu",-19.3428625428571,210
"gcgguc",-19.3418739866667,75
"uuaaag",-19.3415436296296,81
"uuuucu",-19.3414978644444,450
"cccuuu",-19.3390011842105,114
"cuccuc",-19.3339376060606,99
"caaucg",-19.3326804222222,45
"ucaacu",-19.3318911428571,126
"uccuuu",-19.3296531507936,126
"uuuaaa",-19.3282298418079,177
"gcaucu",-19.3259973227513,378
"ccuccu",-19.3211673030303,66
"ggcggu",-19.3178206904762,126
"guuuca",-19.3066296760125,321
"ggcccu",-19.2948706266667,150
"ccaacu",-19.2811600350877,114
"uggagg",-19.2791292170543,129
"ucacua",-19.2704712380952,105
"gcauuu",-19.2691587275132,378
"guuuua",-19.2654517998163,1089
"guuuuc",-19.2617657242009,1095
"aauuac",-19.2534838508772,114
"gggacu",-19.2425755,342
"gcauac",-19.235767344,375
"auacuc",-19.2313526960784,306
"gcggac",-19.2151358296296,135
"cuacuc",-19.2112990687285,291
"ggccca",-19.2042236124031,129
"cagcuc",-19.2005034054054,111
"aaacuc",-19.1970153401361,294
"auucuc",-19.1900580877193,114
"ggcuaa",-19.1812852649573,117
"caguua",-19.1754612280702,57
"ggccua",-19.1714714293785,177
"accucu",-19.1697872336449,321
"ccaccu",-19.1667873333333,66
"cauacg",-19.1667597741935,93
"uugguu",-19.1667321327684,354
"ccucuc",-19.1658944444444,99
"gcuccu",-19.1602231444444,90
"cgcaua",-19.1556851111111,45
"gcaacc",-19.1543358070175,171
"ggcgau",-19.1513659130435,138
"gaauac",-19.1498276666667,135
"gcgauc",-19.1471064933333,75
"auccuc",-19.146646,114
"guuacc",-19.146076392,375
"uuaucu",-19.144527462963,162
"gcuuac",-19.1425933555556,135
"uugcua",-19.1397385291005,189
"uugguc",-19.133790879056,339
"gaacua",-19.1291212478632,117
"gccacu",-19.1286522463768,138
"cauuug",-19.1205704033613,357
"guuucc",-19.1195695015291,327
"acaucu",-19.1117737596899,129
"caacuc",-19.1105030165016,303
"cauccg",-19.1006559247312,93
"ccacuc",-19.08438204811,291
"ucauac",-19.0776725853659,123
"gcgaac",-19.0720913333333,87
"ccccuc",-19.0683406363636,99
"ggccaa",-19.0529707692308,117
"ggggac",-19.0403781428571,147
"gcgcac",-19.0390548275862,87
"uuuccg",-19.0282169435028,177
"uugggc",-19.0229667312661,387
"gaguac",-19.0181202666667,135
"cauacc",-19.01798702849,351
"ugguac",-19.0107357846154,195
"aaucuc",-18.9998334901961,102
"auuucu",-18.9877890077519,129
"uaauac",-18.9872420962963,135
"uuggua",-18.9719629009009,333
"cgaaua",-18.9707287111111,45
"ugggac",-18.9636939076923,195
"aaccuc",-18.9578329509804,102
"ggauac",-18.9553581632653,147
"uuucag",-18.9512147175141,177
"caccuc",-18.9462297297297,111
"auaucu",-18.9322747596899,129
"gcccuc",-18.9316996260163,123
"ggcgga",-18.9188720387597,129
"cgcucu",-18.9165352810457,306
"ggccac",-18.9010620204082,147
"gauacc",-18.9004957301587,315
"gcagcc",-18.8971472357724,123
"cagacg",-18.8950223111111,45
"ucucua",-18.8852833774648,1065
"uuugga",-18.8804311845083,1149
"uuugag",-18.8743185880759,369
"uuugcg",-18.8729109132791,369
"cagccg",-18.8697323111111,45
"cacacg",-18.8695042666667,45
"uggaga",-18.860378372093,129
"ggcgca",-18.8585030225989,177
"caaacg",-18.8541145555556,45
"cacccg",-18.8442142222222,45
"cacuua",-18.841883245614,57
"uuuacg",-18.8383671920904,177
"ugggaa",-18.8350901623932,117
"ugggcg",-18.8294016666667,117
"caaccg",-18.8288245111111,45
"guucua",-18.8237659864499,369
"aguacc",-18.8230539887006,354
"uucucu",-18.8210869576271,354
"cuuacc",-18.8198351993127,291
"ggcgcc",-18.8092172814815,135
"ggcgcu",-18.8083514266667,150
"gcaguu",-18.7925407101449,138
"gggcua",-18.7885459069767,129
"gcgacu",-18.7847563909091,330
"ugggag",-18.7754436495727,117
"gcgcuc",-18.7703524634146,123
"uuuaag",-18.7613650056497,177
"ggguac",-18.7452796938775,147
"gcucuc",-18.7388019512195,123
"cagaua",-18.7380893684211,57
"aucucu",-18.7362533520249,321
"gcuacu",-18.7330479202899,138
"guuuac",-18.7330017751938,387
"caauua",-18.7243391929825,57
"uccucu",-18.7229808962264,318
"cguacc",-18.7194783848797,291
"gcaauu",-18.7065546231884,138
"gacuac",-18.6991620213333,375
"aaguac",-18.6891282280702,114
"uggcug",-18.6822597717718,333
"guuuaa",-18.6704713851133,309
"uggccc",-18.6668810642202,327
"gcaaag",-18.6628510952381,105
"gcagag",-18.6613449904762,105
"gcaccc",-18.6610729593496,123
"ugggua",-18.6603694496124,129
"uggcca",-18.6406551682243,321
"uuggcc",-18.6272150551039,1107
"gcaguc",-18.6265306422764,123
"gcacuc",-18.602180785124,363
"gcaacg",-18.5926363904762,105
"gcagcg",-18.5911302857143,105
"gcagac",-18.5792900163934,183
"ggacua",-18.5652968294574,129
"cccucu",-18.5628044934641,306
"gcaauc",-18.5447225365854,123
"gcacag",-18.5145834095238,105
"gcacuu",-18.510317884058,138
"gcaaau",-18.4999930634921,126
"ucgucu",-18.4851141904762,126
"uggggg",-18.4809602403101,129
"auuacc",-18.4784745457516,306
"ugccua",-18.4634437674419,129
"gcaccg",-18.4443687142857,105
"gcguac",-18.4074824296296,135
"cacaua",-18.4045113333333,57
"aaauac",-18.3901193421053,114
"cucucu",-18.3621346633987,306
"uuggga",-18.3541737777778,333
"uuccua",-18.3442988085106,141
"gcagau",-18.3338578730159,126
"ucuucu",-18.3193714285714,126
"uuggcu",-18.3166210178253,1122
"ggcgaa",-18.3049467606838,117
"cggucu",-18.2874790175439,114
"caaaua",-18.2869672807018,57
"uggccg",-18.2690581585761,309
"cguucu",-18.264538,114
"gcaaac",-18.2610272666667,135
"cugucu",-18.2566948596491,114
"cugcua",-18.2451945376344,93
"cuuucu",-18.2337539385965,114
"ucaucu",-18.2274121587302,126
"uugggu",-18.2160494151515,330
"gcacac",-18.1916470888889,135
"ggcaau",-18.1674180757576,330
"cgaucu",-18.1632249122807,114
"gcagcu",-18.152928942029,138
"cuaucu",-18.1324407192982,114
"uuuggu",-18.1318978368237,1146
"ggcacc",-18.1137383546667,375
"uuggag",-18.1059468006231,321
"ggcgac",-18.0903552102564,195
"ugcuac",-18.0887172772861,339
"gaucua",-18.0751490647249,309
"ggcagu",-18.0689437735849,318
"uuggug",-18.0658583449275,345
"uuacua",-18.0590836950355,141
"ugggga",-18.042056248062,129
"agcuac",-17.9521831761006,318
"uuucua",-17.9498127272727,429
"gcaacu",-17.9479912849462,186
"ggcagc",-17.9465379174312,327
"ggcaga",-17.9447048504673,321
"accuac",-17.9247993962264,318
"gcuacc",-17.9117314192059,1083
"gcaccu",-17.8894477681159,138
"cuccua",-17.8629739354839,93
"ccgucu",-17.8610547368421,114
"uggcaa",-17.8490680454968,1077
"uucuac",-17.8420698713137,1119
"ggcacu",-17.8381285230769,390
"ccuucu",-17.8381137719298,114
"uaccua",-17.8076026752137,117
"uggcac",-17.7979930406504,1107
"uggcag",-17.7641353862581,1077
"ggcaca",-17.761688211838,321
"ccaucu",-17.7368006842105,114
"aauacc",-17.7325576768707,294
"ggcaaa",-17.729575802589,309
"ggcaac",-17.6969670737463,339
"uaacua",-17.6671165641026,117
"aucuac",-17.6652654217311,1086
"ggucua",-17.6612479566396,369
"uggcua",-17.6448361111111,369
"ccuacc",-17.6126745826251,1059
"uccuac",-17.5902371206349,315
"cagcua",-17.5745371904762,105
"cuacua",-17.4186975591398,93
"caucua",-17.4139347101449,345
"cggcua",-17.3732386344086,93
"cuucua",-17.3287834350877,285
"uuuggg",-17.2721953751088,1149
"uggcgc",-17.2475451651376,327
"caccua",-17.2313633238095,105
"uacuac",-17.1632930917431,327
"ggcuac",-17.1593823591731,387
"uggcgg",-17.157593305296,321
"acuacc",-17.1058773528864,1074
"uugggg",-17.0582906246246,333
"uaucua",-17.0513695177994,309
"uggcga",-17.0225297850467,321
"cgccua",-16.9910180537634,93
"gccuac",-16.94993217737,327
"uuggcg",-16.9246928218549,1089
"gucuac",-16.9220533658537,1107
"aacuac",-16.8843268823529,306
"caacua",-16.8533188095238,105
"ugucua",-16.7763134018692,321
"cgacua",-16.5467416129032,93
"cgucua",-16.4170198245614,285
